Title,Company,Location,Salary
データ入力精査アナライザー,HSRD,フルリモート in 東京都 北区 東田端,日給 1.2万円 以上
データアナリスト,Peroptyx,フルリモート in 東京都,"月給 97,500円 ~ 195,000円"
【データアナリスト】データ分析を通して郵便局、日本の未来を切り拓く/システムインテグレータ・ソフトハウス,株式会社JPデジタル,一部在宅 in 東京都 千代田区 大手町,"年収 600万円 ~ 1,000万円"
データベースエンジニア、データアナリスト,ポリプラスチックス株式会社,東京都 港区 港南,年収 589万円 ~ 945万円
【テク】25本選考,株式会社サイバーエージェント,東京都 渋谷区 宇田川町,新卒
データアナリスト,株式会社エスタイル,東京都 渋谷区,年俸 350万円 ~ 600万円
【データサイエンスチーム/アナリスト】実務未経験可_アジア・太平洋地域TOP10のビッグデータカンパニー/ITコンサルティング,澪標アナリティクス株式会社,東京都 江東区 豊洲,年収 420万円 ~ 660万円
IT未経験歓迎のデータアナリスト,株式会社ELワーク,東京都 新宿区,月給 27万円 ~ 40万円
コンサルタント・データアナリスト,(株)風音屋,一部在宅 in 東京都 台東区 上野,月給 28万円 ~ 76万円
「リモート/フレックス」ビジネスアナリスト/データ分析/スマホゲーム,株式会社セガ,一部在宅 in 東京都 品川区 大崎駅,"年収 500万円 ~ 1,300万円"
ヘルスケア領域のデータアナリスト(アソシエイト)/医療・福祉・介護サービス,株式会社ウェル・アイ,東京都 品川区 東五反田,年収 300万円
データアナリスト/ITコンサルティング,株式会社oneroots,東京都 千代田区 神田須田町,年収 500万円 ~ 799万円
データ領域アナリスト,株式会社プロトシステム,東京都 千代田区,"月給 213,600円 ~ 281,800円"
データアナリスト・データサイエンティスト,大和証券 株式会社,東京都 千代田区,月給 30万円 ~ 70万円
データアナリスト,株式会社テイクス,東京都 豊島区 東池袋,月給 25万円 ~ 42万円
データアナリスト,株式会社テイクス,東京都 豊島区 東池袋,月給 25万円 ~ 42万円
データアナリスト・データサイエンティスト,大和証券 株式会社,東京都 千代田区,月給 30万円 ~ 70万円
データアナリスト・データサイエンティスト,株式会社HARVEST,東京都 新宿区,"月給 292,400円 ~ 334,000円"
コンサルティング会社　データアナリスト,株式会社Kaisuke,フルリモート in 東京都 新宿区 西新宿,月給 38.1万円 以上
データアナリスト,株式会社インタースペース,東京都 新宿区 西新宿,"月給 300,700円 ~ 434,050円"
データアナリスト,株式会社ユニゾン・テクノロジー,東京都 新宿区,月給 25万円 ~ 60万円
データアナリスト,au損害保険株式会社,東京都 港区,"年収 600万円 ~ 1,600万円"
データアナリスト,株式会社ラセングル,東京都 渋谷区 神泉駅,正社員
データアナリスト(ポテンシャル採用)/インターネット/Webサービス・ASP,株式会社CAMPFIRE,フルリモート in 東京都 渋谷区 猿楽町,年収 400万円 ~ 600万円
データアナリスト/インターネット/Webサービス・ASP,株式会社トラストリッジ,東京都 目黒区 中目黒,年収 450万円 ~ 700万円
データエンジニア/アナリティクスエンジニア/その他サービス系,株式会社Antway,東京都 千代田区 神田三崎町,"年収 700万円 ~ 1,100万円"
スマホ向けゲームのデータアナリスト1900円~@六本木エリア,株式会社マイナビワークス,東京都 港区 六本木駅,"時給 1,900円 ~ 2,000円"
データアナリスト/インターネット/Webサービス・ASP,株式会社エモーションテック,一部在宅 in 東京都 港区 西新橋,年収 500万円 ~ 780万円
【データアナリスト】在宅勤務可!ファンコミュニティの分析でプロダクト価値を向上!,株式会社Gaudiy,東京都 渋谷区,年収 400万円 ~ 800万円
データアナリスト支援業務,株式会社インフェス,フルリモート in 東京都 23区,月給 40万円 ~ 70万円
データ入力精査アナライザー,HSRD,フルリモート in 東京都 北区 東田端,日給 1.2万円 以上
データアナリスト,Peroptyx,フルリモート in 東京都,"月給 97,500円 ~ 195,000円"
【データアナリスト】データ分析を通して郵便局、日本の未来を切り拓く/システムインテグレータ・ソフトハウス,株式会社JPデジタル,一部在宅 in 東京都 千代田区 大手町,"年収 600万円 ~ 1,000万円"
データベースエンジニア、データアナリスト,ポリプラスチックス株式会社,東京都 港区 港南,年収 589万円 ~ 945万円
【データサイエンスチーム/アナリスト】実務未経験可_アジア・太平洋地域TOP10のビッグデータカンパニー/ITコンサルティング,澪標アナリティクス株式会社,東京都 江東区 豊洲,年収 420万円 ~ 660万円
「リモート/フレックス」ビジネスアナリスト/データ分析/スマホゲーム,株式会社セガ,一部在宅 in 東京都 品川区 大崎駅,"年収 500万円 ~ 1,300万円"
IT未経験歓迎のデータアナリスト,株式会社ELワーク,東京都 新宿区,月給 27万円 ~ 40万円
データアナリスト,株式会社プロトシステム/157766,東京都 千代田区 麹町,"月給 213,600円 以上"
コンサルタント・データアナリスト,(株)風音屋,一部在宅 in 東京都 台東区 上野,月給 28万円 ~ 76万円
ヘルスケア領域のデータアナリスト(アソシエイト)/医療・福祉・介護サービス,株式会社ウェル・アイ,東京都 品川区 東五反田,年収 300万円
OTA・Web系旅行会社のデータアナリスト,ベルトラ株式会社,東京都 中央区,年俸 450万円 ~ 680万円
【テク】25本選考,株式会社サイバーエージェント,東京都 渋谷区 宇田川町,新卒
出版業界の広告プロデューサー/大手広告代理店,大手総合広告代理店,東京都 港区,月給 29万円
【データアナリスト】/インターネット/Webサービス・ASP,TFHD digital株式会社,東京都 渋谷区 道玄坂,"年収 500万円 ~ 1,000万円"
データアナリスト/ITコンサルティング,株式会社oneroots,東京都 千代田区 神田須田町,年収 500万円 ~ 799万円
データアナリスト,株式会社テイクス,東京都 豊島区 東池袋,月給 25万円 ~ 42万円
データアナリスト・データサイエンティスト,大和証券 株式会社,東京都 千代田区,月給 30万円 ~ 70万円
データアナリスト・データサイエンティスト,株式会社HARVEST,東京都 新宿区,"月給 292,400円 ~ 334,000円"
コンサルティング会社　データアナリスト,株式会社Kaisuke,フルリモート in 東京都 新宿区 西新宿,月給 38.1万円 以上
データアナリスト,株式会社インタースペース,東京都 新宿区 西新宿,"月給 300,700円 ~ 434,050円"
データアナリスト,株式会社ユニゾン・テクノロジー,東京都 新宿区,月給 25万円 ~ 60万円
データアナリスト,au損害保険株式会社,東京都 港区,"年収 600万円 ~ 1,600万円"
データアナリスト,株式会社ラセングル,東京都 渋谷区 神泉駅,正社員
データアナリスト(ポテンシャル採用)/インターネット/Webサービス・ASP,株式会社CAMPFIRE,フルリモート in 東京都 渋谷区 猿楽町,年収 400万円 ~ 600万円
データアナリスト/インターネット/Webサービス・ASP,株式会社トラストリッジ,東京都 目黒区 中目黒,年収 450万円 ~ 700万円
データエンジニア/アナリティクスエンジニア/その他サービス系,株式会社Antway,東京都 千代田区 神田三崎町,"年収 700万円 ~ 1,100万円"
スマホ向けゲームのデータアナリスト1900円~@六本木エリア,株式会社マイナビワークス,東京都 港区 六本木駅,"時給 1,900円 ~ 2,000円"
データアナリスト/インターネット/Webサービス・ASP,株式会社エモーションテック,一部在宅 in 東京都 港区 西新橋,年収 500万円 ~ 780万円
【データアナリスト】在宅勤務可!ファンコミュニティの分析でプロダクト価値を向上!,株式会社Gaudiy,東京都 渋谷区,年収 400万円 ~ 800万円
データアナリスト支援業務,株式会社インフェス,フルリモート in 東京都 23区,月給 40万円 ~ 70万円
データ入力精査アナライザー,HSRD,フルリモート in 東京都 北区 東田端,日給 1.2万円 以上
データアナリスト,Peroptyx,フルリモート in 東京都,"月給 97,500円 ~ 195,000円"
【データアナリスト】データ分析を通して郵便局、日本の未来を切り拓く/システムインテグレータ・ソフトハウス,株式会社JPデジタル,一部在宅 in 東京都 千代田区 大手町,"年収 600万円 ~ 1,000万円"
データベースエンジニア、データアナリスト,ポリプラスチックス株式会社,東京都 港区 港南,年収 589万円 ~ 945万円
OTA・Web系旅行会社のデータアナリスト,ベルトラ株式会社,東京都 中央区,年俸 450万円 ~ 680万円
IT未経験歓迎のデータアナリスト,株式会社ELワーク,東京都 新宿区,月給 27万円 ~ 40万円
「リモート/フレックス」ビジネスアナリスト/データ分析/スマホゲーム,株式会社セガ,一部在宅 in 東京都 品川区 大崎駅,"年収 500万円 ~ 1,300万円"
【データサイエンスチーム/アナリスト】実務未経験可_アジア・太平洋地域TOP10のビッグデータカンパニー/ITコンサルティング,澪標アナリティクス株式会社,東京都 江東区 豊洲,年収 420万円 ~ 660万円
データアナリスト,株式会社プロトシステム/157766,東京都 千代田区 麹町,"月給 213,600円 以上"
出版業界の広告プロデューサー/大手広告代理店,大手総合広告代理店,東京都 港区,月給 29万円
データアナリスト/ITコンサルティング,株式会社oneroots,東京都 千代田区 神田須田町,年収 500万円 ~ 799万円
ヘルスケア領域のデータアナリスト(アソシエイト)/医療・福祉・介護サービス,株式会社ウェル・アイ,東京都 品川区 東五反田,年収 300万円
データアナリスト・データサイエンティスト,大和証券 株式会社,東京都 千代田区,月給 30万円 ~ 70万円
(未経験可)データアナリスト/人材サービス(紹介/派遣/教育/研修),株式会社ピープルドット,東京都 千代田区 神田神保町,年収 450万円 ~ 800万円
データアナリスト,株式会社テイクス,東京都 豊島区 東池袋,月給 25万円 ~ 42万円
データサイエンティスト、データアナリスト、IT未経験可(アルバイト),株式会社 利九利,東京都 多摩市,"時給 1,150円 以上"
【データアナリスト】/インターネット/Webサービス・ASP,TFHD digital株式会社,東京都 渋谷区 道玄坂,"年収 500万円 ~ 1,000万円"
データアナリスト,株式会社ユニゾン・テクノロジー,東京都 新宿区,月給 25万円 ~ 60万円
【テク】25本選考,株式会社サイバーエージェント,東京都 渋谷区 宇田川町,新卒
データアナリスト/医療・福祉・介護サービス,サイトカイン株式会社,東京都 渋谷区 渋谷,年収 450万円 ~ 600万円
データアナリスト,au損害保険株式会社,東京都 港区,"年収 600万円 ~ 1,600万円"
データアナリスト,株式会社インタースペース,東京都 新宿区 西新宿,"月給 300,700円 ~ 434,050円"
データエンジニア/アナリティクスエンジニア/その他サービス系,株式会社Antway,東京都 千代田区 神田三崎町,"年収 700万円 ~ 1,100万円"
データアナリスト・データサイエンティスト,株式会社HARVEST,東京都 新宿区,"月給 292,400円 ~ 334,000円"
データアナリスト/インターネット/Webサービス・ASP,株式会社エモーションテック,一部在宅 in 東京都 港区 西新橋,年収 500万円 ~ 780万円
【データアナリスト】在宅勤務可!ファンコミュニティの分析でプロダクト価値を向上!,株式会社Gaudiy,東京都 渋谷区,年収 400万円 ~ 800万円
データアナリスト/インターネット/Webサービス・ASP,株式会社トラストリッジ,東京都 目黒区 中目黒,年収 450万円 ~ 700万円
データアナリスト,株式会社ラセングル,東京都 渋谷区 神泉駅,正社員
コンサルティング会社　データアナリスト,株式会社Kaisuke,フルリモート in 東京都 新宿区 西新宿,月給 38.1万円 以上
データアナリスト,野村證券株式会社,東京都 千代田区 大手町,正社員
データアナリスト,株式会社Studio KUMASAN,東京都 港区 六本木,年収 500万円
【Omiai】シニアデータアナリスト,株式会社エニトグループ,フルリモート in 東京都 渋谷区,"月給 833,333円 ~ 1,083,333円"
コンサルタント・データアナリスト,(株)風音屋,一部在宅 in 東京都 台東区 上野,月給 28万円 ~ 76万円
「stera transit」におけるデータアナリスト　※東京勤務,三井住友カード株式会社,東京都 江東区 豊洲駅,"年収 600万円 ~ 1,300万円"
データアナリスト　データアーキテクト,childminding,東京都 渋谷区 渋谷,年俸 500万円 ~ 800万円
データ解析のプロフェッショナル,2nd Community株式会社,東京都 渋谷区,"時給 1,800円 ~ 3,000円"
データアナリスト・データサイエンティスト,株式会社インテージ,フルリモート in 東京都 千代田区,月給 26.9万円 ~ 39.0万円
MLデータアナリスト,合同会社DMM.com,東京都 港区 六本木,"年収 650万円 ~ 1,200万円"
\未経験インターン!/統計学を活用したダイナミックプライシングを実現!データアナリスト,matsuri technologies株式会社,東京都 新宿区 神楽坂,"時給 1,400円 ~ 1,500円"
データサイエンティスト・アナリスト,PayPay証券株式会社,東京都 千代田区,"月給 416,700円"
データアナリスト/週4日~/一部リモート/品川/自社のデータ抽出業務案件,株式会社クラウドワークス,一部在宅 in 東京都 港区 高輪,月給 58.4万円
データアナリスト,株式会社FOLIO,フルリモート in 東京都 千代田区 一番町,"月給 500,000円 ~ 833,333円"
【正社員】事業統括部(事業統括室、営業管理室、ライツ戦略室、アーカイブセンター),東宝株式会社,一部在宅 in 東京都 千代田区 日比谷駅,"年収 700万円 ~ 1,000万円"
データサイエンティスト・アナリスト,株式会社TVer,フルリモート in 東京都 港区,"月給 541,666円"
Loro Piana - CRM Analyst / CRMアナリスト　ロロピアーナ,LVMH Japan Group,東京都 千代田区,正社員
データサイエンティスト・アナリスト,富士フイルムサービスクリエイティブ株式会社,一部在宅 in 東京都 新宿区,"月給 208,000円 ~ 393,900円"
【正社員】事業統括部(事業統括室、営業管理室、ライツ戦略室、アーカイブセンター),東宝株式会社,一部在宅 in 東京都 千代田区 日比谷駅,"年収 700万円 ~ 1,000万円"
データアナリスト・データサイエンティスト,株式会社電通マクロミルインサイト,東京都 中央区,月給 40万円 ~ 60万円
データサイエンティスト・アナリスト,日本アイ･ビー･エムデジタルサービス株式会社,東京都 港区,月給 27万円 ~ 57万円
データアナリスト・データサイエンティスト,株式会社ベリサーブ,東京都 千代田区,"月給 238,000円 ~ 413,900円"
リテールメディア/データオペレーションリーダー/インターネット/Webサービス・ASP,株式会社フェズ,東京都 千代田区 神田紺屋町,年収 400万円 ~ 600万円
データサイエンティスト・アナリスト,株式会社エスタイル,一部在宅 in 東京都 渋谷区,月給 27.5万円 ~ 47.0万円
データアナリスト・データサイエンティスト,新生フィナンシャル株式会社,東京都 千代田区,"月給 387,820円 ~ 483,333円"
データ活用スペシャリスト 医療データを駆使,ISD,東京都 港区 西新橋,年俸 400万円 ~ 700万円
データアナリスト(オープンポジション),合同会社DMM.com,東京都 港区 六本木,"年収 600万円 ~ 1,000万円"
システムエンジニア/データアナリスト,NSフィナンシャルマネジメントコンサルティング株式会社,東京都 港区 虎ノ門駅,年収 450万円 ~ 700万円
データ分析,司法書士法人 中央事務所グループ,東京都 新宿区,"時給 1,500円"
データサイエンティスト・アナリスト,株式会社デジタルフォルン,東京都 千代田区,月給 27.6万円 ~ 55.2万円
売上推進アナリスト データ活用して施策構築,ISD,東京都 千代田区 飯田橋,年俸 450万円 ~ 800万円
データ統合アナリスト 新規価値創出,ISD,東京都 千代田区 神田紺屋町,"年俸 700万円 ~ 1,200万円"
アナリスト・データサイエンティスト/フルリモート,株式会社Elcamy,東京都 渋谷区 桜丘町,年収 350万円 ~ 450万円
データアナリスト,株式会社ジャパネットホールディングス,東京都 港区,"月給 247,300円 ~ 336,100円"
データサイエンティスト・アナリスト,富士フイルムサービスクリエイティブ株式会社,一部在宅 in 東京都 新宿区,"月給 208,000円 ~ 393,900円"
データアナリストスタッフがデータを活かす,株式会社ー心堂[1060032],東京都 港区 六本木,年俸 400万円 ~ 550万円
コンサルタント・データアナリスト,(株)風音屋,一部在宅 in 東京都 台東区 上野,月給 28万円 ~ 76万円
データサイエンティスト・アナリスト,キッコーマン株式会社,東京都 港区,"月給 280,290円 ~ 420,000円"
データサイエンティスト・アナリスト,株式会社MIXI,東京都 渋谷区,正社員
【データアナリスト】スマホ向けゲーム及びソリューションサービス案件,株式会社エクストリーム,東京都 港区,月給 80万円
データサイエンティスト・アナリスト,トグルホールディングス株式会社,一部在宅 in 東京都 千代田区,"年収 600万円 ~ 1,400万円"
アナリスト・データサイエンティスト/フルリモート,(株)Elcamy,フルリモート in 東京都 渋谷区 桜丘町,年俸 350万円 ~ 450万円
データアナリスト/大手電機メーカーグループ,ソニーマーケティング株式会社,東京都 港区 港南,月給 30万円 ~ 45万円
データ・AIを活用したサービスを開発,トランスコスモス株式会社,東京都 豊島区 池袋駅,年収 400万円 ~ 600万円
データアナリスト,株式会社アクセルエンターメディア,東京都 渋谷区,"時給 1,500円 ~ 3,000円"
国内最大級の電子書籍事業をデータで牽引する、データアナリスト・分析担当者募集!!/インターネット/Webサービス・ASP,株式会社BookLive,東京都,年収 450万円
データアナリスト補,株式会社ジーユーエヌ,東京都 新宿区 新宿, 
国内最大級の電子書籍事業をデータで牽引する、データアナリスト・分析担当者募集!!/インターネット/Webサービス・ASP,株式会社BookLive,東京都,年収 450万円
データアナリスト・データサイエンティスト,株式会社マネジメントソリューションズ,一部在宅 in 東京都 港区,"月給 416,666円 ~ 583,333円"
【データアナリスト】ビジネス進化を担うプロダクト戦略企画担当,freee株式会社,東京都 品川区 大崎駅,正社員
データアナリスト・データサイエンティスト,株式会社電通マクロミルインサイト,東京都 中央区,月給 40万円 ~ 60万円
データサイエンティスト データアナリスト,株式会社ACCESS,東京都 千代田区 神田練塀町,月給 25.0万円 ~ 41.6万円
企画営業(新規事業「公開カレンダー」担当)/モバイル/アプリサービス,株式会社TimeTree,東京都 新宿区 西新宿,"年収 600万円 ~ 1,000万円"
リテールサポートアナリスト,キャロウェイゴルフ株式会社,東京都 港区 白金台,正社員
データアナリスト・データサイエンティスト,デサントジャパン株式会社,東京都 豊島区,"月給 375,000円 ~ 666,666円"
【CAMPFIRE】データアナリスト(ポテンシャル採用),株式会社CAMPFIRE,東京都 渋谷区 猿楽町,年収 400万円 ~ 600万円
広報,株式会社ミラティブ,東京都 目黒区,"月給 258,833円 ~ 500,000円"
データアナリスト/経営/ビジネスコンサルティング・シンクタンク,株式会社ミナケア,東京都 千代田区 大手町,年収 400万円 ~ 700万円
障がい者採用_マーケティング事業オープンポジション,カルチュア･コンビニエンス・クラブグループ,東京都 渋谷区 渋谷,"月給 303,031円"
データアナリスト・データサイエンティスト,損害保険ジャパン株式会社,東京都 新宿区,月給 37.5万円 ~ 46.5万円
データアナリスト,RIZAPグループ株式会社,フルリモート in 東京都 新宿区 西新宿,月給 50万円
データアナリスト・データサイエンティスト,Hmcomm株式会社,東京都 港区,"月給 312,430円 ~ 1,043,040円"
データアナリスト / 統計学 / マーケティング,ハーベスト株式会社,東京都 港区 表参道駅,月給 75万円 ~ 85万円
\未経験インターン!/統計学を活用したダイナミックプライシングを実現!データアナリスト,matsuri technologies株式会社,東京都 新宿区 神楽坂,"時給 1,400円 ~ 1,500円"
データサイエンティスト・アナリスト,株式会社COMPASS,東京都 文京区,"月給 438,880円 ~ 833,450円"
データサイエンススペシャリスト洞察を生み出す,株式会社ー心堂[1500013],東京都 渋谷区 恵比寿,年俸 400万円 ~ 600万円
外資系製薬企業向けコマーシャル領域サポート業務(LS2527),日本タタ・コンサルタンシー・サービシズ株式会社,東京都 港区,正社員
データアナリスト・データサイエンティスト,Trust株式会社,東京都 中央区,月給 40万円 ~ 75万円
データサイエンティスト(未経験者)【東京】,株式会社ビヨンド･ザ･データ,フルリモート in 東京都 渋谷区 恵比寿駅,年収 400万円 ~ 600万円
ESGアナリスト,SOMPOリスクマネジメント株式会社,東京都 新宿区 西新宿,年収 500万円 ~ 800万円
PdM(プロダクトマネジャー、グロースマーケター)/データアナリスト/インターネット/Webサービス・ASP,株式会社グッピーズ,東京都 新宿区 西新宿,年収 500万円 ~ 800万円
総務,株式会社TimeTree,東京都 新宿区,"年収 350万円 ~ 1,000万円"
データ分析スタッフ サービスを最適化,ISD,東京都 千代田区 一番町,年俸 550万円 ~ 900万円
データサイエンティスト・アナリスト,株式会社エナリス,一部在宅 in 東京都 千代田区,"月給 181,200円 ~ 681,850円"
売上推進アナリスト データ活用して施策構築,ISD,東京都 千代田区 飯田橋,年俸 450万円 ~ 800万円
リテールメディア/データオペレーションリーダー/インターネット/Webサービス・ASP,株式会社フェズ,東京都 千代田区 神田紺屋町,年収 400万円 ~ 600万円
データアナリスト・データサイエンティスト,株式会社カンム,東京都 渋谷区,"月給 493,256円 ~ 1,000,000円"
障がい者採用_マーケティング事業オープンポジション,カルチュア･コンビニエンス・クラブグループ,東京都 渋谷区 渋谷,"月給 303,031円"
"Tableau,SQL/HR事業向けデータアナリスト",株式会社Arkanoids,東京都 千代田区 神保町駅,月給 60万円 ~ 75万円
広報スペシャリスト(メディアリレーション・ソーシャルメディア担当),日本タタ・コンサルタンシー・サービシズ株式会社,東京都 港区 麻布台,月給 40万円 ~ 89万円
データアナリスト(メディア事業部),株式会社くすりの窓口,東京都 豊島区 池袋,年収 480万円 ~ 800万円
データ分析スタッフ・データサイエンティスト・データアナリスト,株式会社グッドワンライズ,東京都 江東区,月給 25万円 ~ 45万円
PdM(プロダクトマネジャー、グロースマーケター)/データアナリスト/インターネット/Webサービス・ASP,株式会社グッピーズ,東京都 新宿区 西新宿,年収 500万円 ~ 800万円
データサイエンティスト・データアナリスト・充実の福利厚生,JHR株式会社,東京都 北区,月給 25万円 ~ 45万円
データアナリスト(Python、SQL),コタエルHR株式会社,東京都 23区,月給 34.7万円 ~ 45.1万円
データアナリスト/デザイナー,合同会社DMM.com,東京都 港区 六本木,年収 500万円 ~ 800万円
Tableauデータアナリスト業務,株式会社Arkanoids,東京都 千代田区,月給 60万円 ~ 75万円
データアナリスト・データサイエンティスト,山田コンサルティンググループ株式会社,東京都 千代田区,"月給 333,334円 ~ 375,000円"
ソリューション企画,岡三証券株式会社,東京都 中央区 新日本橋駅,正社員
アナリスト職,ゴールデンルールス・コンサルティング株式会社,東京都 足立区 北千住駅,年収 400万円 ~ 800万円
アナリスト(アシスタント),ファースト・ヘルスケア 株式会社,東京都 新宿区 新宿,正社員+2
大規模DX推進|データサイエンティスト/データアナリスト,株式会社野村総合研究所,東京都 八王子市,月給 40.5万円 ~ 89.0万円
データサイエンティスト・データアナリスト・充実の福利厚生,JHR株式会社,東京都 北区,月給 25万円 ~ 45万円
データアナリスト(Python、SQL),コタエルHR株式会社,東京都 23区,月給 34.7万円 ~ 45.1万円
データアナリスト・データサイエンティスト,エヌ・ティ・ティ・コミュニケーションズ株式会社,東京都 千代田区,"月給 384,615円 ~ 769,230円"
データアナリスト/デザイナー,合同会社DMM.com,東京都 港区 六本木,年収 500万円 ~ 800万円
Tableauデータアナリスト業務,株式会社Arkanoids,東京都 千代田区,月給 60万円 ~ 75万円
ソリューション企画,岡三証券株式会社,東京都 中央区 新日本橋駅,正社員
大規模DX推進|データサイエンティスト/データアナリスト,株式会社野村総合研究所,東京都 八王子市,月給 40.5万円 ~ 89.0万円
アナリスト職,ゴールデンルールス・コンサルティング株式会社,東京都 足立区 北千住駅,年収 400万円 ~ 800万円
アナリスト(アシスタント),ファースト・ヘルスケア 株式会社,東京都 新宿区 新宿,正社員+2
【産業戦略開発部】リサーチアソシエイト(コンシューマー・リテールセクター),野村證券株式会社,東京都 千代田区 大手町,正社員
データ分析,株式会社 楡,東京都 新宿区,"時給 1,500円 ~ 1,700円"
事業横断 データサイエンティスト・データアナリスト,ソニーグループ株式会社,東京都 品川区 大崎,年収 600万円
コンテンツ編成 / データアナリスト,株式会社運動通信社,東京都 港区 西新橋,正社員
アナリスト,株式会社ミツエーリンクス,東京都 新宿区 西新宿,月給 25万円 ~ 45万円
【本社/成長推進室】サステナブルデータセンター向け営業・マーケティング,三菱重工業株式会社,東京都 千代田区 丸の内,正社員
データアナリスト(事業開発)growth,株式会社カンム,東京都 渋谷区 恵比寿駅,正社員
データアナリスト/分析官|シニアグロースマーケティング事業,株式会社DearOne,一部在宅 in 東京都 港区 虎ノ門,月給 40万円 ~ 60万円
2025年度 エンジニア職 本選考,株式会社ディー・エヌ・エー,東京都 渋谷区,"月給 271,250円 ~ 528,500円"
データアナリスト,合同会社EXNOA,東京都 港区 六本木,年収 400万円 ~ 800万円
Tableauデータアナリスト支援,株式会社Arkanoids,東京都 豊島区,月給 60万円 ~ 80万円
研究員(データサイエンス分野),株式会社大和総研,東京都 千代田区 丸の内,"年収 600万円 ~ 2,000万円"
データ分析,司法書士法人 中央事務所グループ,東京都 新宿区,"時給 1,500円"
情報基盤データアナリスト業務,株式会社Arkanoids,東京都 千代田区,月給 100万円 ~ 120万円
データアナリスト【フルリモートOK】,GO株式会社,東京都,"年収 500万円 ~ 1,000万円"
データアナリスト,ヘイズ・スペシャリスト・リクルートメント・ジャパン株式会社,東京都 23区,"年収 1,100万円"
ビジネスアナリスト,RIZAPグループ株式会社,フルリモート in 東京都 新宿区 西新宿,月給 50万円
新卒採用 データアナリスト,株式会社ギックス,東京都,月給 35万円
データアナリスト,モンスターラボグループ,東京都 渋谷区 恵比寿,正社員
【ポートフォリオ・コンサルティング部】ポートフォリオ・コンサルタント(機関投資家及び事業法人や年金基金等に対するポートフォリオ分析・提言業務),野村證券株式会社,東京都 千代田区 大手町,正社員
【CAMPFIRE】データアナリスト,株式会社CAMPFIRE,東京都 渋谷区 猿楽町,年収 500万円 ~ 700万円
【ポートフォリオ・コンサルティング部】ポートフォリオ・コンサルタント(機関投資家及び事業法人や年金基金等に対するポートフォリオ分析・提言業務),野村證券株式会社,東京都 千代田区 大手町,正社員
データアナリスト(リーダー・メンバー),三井住友カード株式会社,東京都 江東区 豊洲駅,"年収 600万円 ~ 1,300万円"
新卒採用 総合職,松井証券株式会社,東京都,月給 30万円
データエンジニア(シニア),ビットバンク株式会社,東京都 品川区 西五反田,月給 41.7万円 ~ 75.0万円
【メディア事業部】データアナリスト / ABEMA,サイバーエージェントグループ,東京都 渋谷区 宇田川町,正社員
Data Engineer/ データエンジニア,ACS Japan,東京都 23区,正社員
新卒採用 データアナリスト / 機械学習エンジニア / AIエンジニア,AMBL株式会社,東京都,月給 25万125円 ~ 27万610円
システムエンジニア/データアナリスト,株式会社ピープルドット,東京都 千代田区 神保町駅,年収 450万円 ~ 800万円
【データアナリスト】オンラインカード購入サービスのデータ分析案件,株式会社Senyou,東京都 23区,月給 70万円 ~ 80万円
"BIツール,DWH構築/印刷業向けデータアナリスト",株式会社Arkanoids,東京都 目黒区 目黒,月給 60万円 ~ 70万円
データサイエンススペシャリスト データ活用を先導,ISD,東京都 渋谷区 神宮前,"年俸 1,001万円 ~ 1,505万円"
マーケティングリサーチ・分析/リース・レンタル業界のマーケティング・企画・宣伝,三井住友ファイナンス&リース株式会社,東京都,"年収 700万円 ~ 1,500万円"
個人営業,株式会社Choice,東京都 渋谷区,"年収 660万円 ~ 1,080万円"
【メディア事業部】データアナリスト / ABEMA/インターネット/Webサービス・ASP,株式会社サイバーエージェント,東京都 渋谷区 宇田川町,"年収 500万円 ~ 1,000万円"
地盤調査アナリスト 大容量データを分析,株式会社ー心堂[1410021],東京都 品川区 上大崎,年俸 500万円 ~ 700万円
データ利活用推進スタッフ データ活用を支援,株式会社ー心堂[1020082],東京都 千代田区 一番町,年俸 600万円 ~ 900万円
データアナリスト,株式会社フライウィール,東京都 港区 虎ノ門,"月給 268,980円"
海外マーケティング リサーチ&アナリティクス スタッフ,株式会社ポニーキャニオン,東京都 港区 神谷町駅,年収 420万円 ~ 672万円
【業務委託】データアナリスト,株式会社Hakky,フルリモート in 東京都 新宿区 新宿,"時給 1,200円 ~ 8,000円"
データアナリスト/分析官|ジュニアグロースマーケティング事業,株式会社DearOne,一部在宅 in 東京都 港区 虎ノ門,月給 26.5万円 ~ 40.0万円
アナリスト(研究・開発関連),株式会社ネクストベース,東京都 品川区 大崎駅,正社員
フラッシュメモリ・SSDの市場調査及び分析[A],キオクシア株式会社,東京都 港区 田町駅,月給 22.7万円 ~ 63.0万円
事業成長を牽引するセールスアナリスト,ISD,東京都 港区 六本木,年俸 400万円 ~ 750万円
調達・生産企画室/マーケティング・アナリスト、データ・サイエンティスト,東京エレクトロングループ,東京都 港区 赤坂,正社員
データアナリスト/東京,株式会社メンバーズ,東京都 中央区 晴海,年収 350万円 ~ 700万円
ネットゼロ推進、ESGデータ算定・検証、フロント部門リエゾン、企画一般,野村證券株式会社,東京都 千代田区 大手町,正社員
地盤調査アナリスト 安全分析,ISD,東京都 品川区 上大崎,年俸 500万円 ~ 700万円
オペレーションスタッフ,カエル・デザイン・プロジェクト株式会社,東京都 港区,月給 22.8万円 ~ 40.0万円
データ分析スペシャリストサービス向上推進,ISD,東京都 千代田区 一番町,年俸 550万円 ~ 900万円
アナリスト,クワンタム・テクノロジー株式会社,東京都 千代田区 神田小川町,正社員+1
事業成長を牽引するセールスアナリスト,ISD,東京都 港区 六本木,年俸 400万円 ~ 750万円
ビジネスアナリスト,Quantitative Consulting 株式会社,東京都 港区 虎ノ門, 
マーケティングリサーチ・分析/リース・レンタル業界のマーケティング・企画・宣伝,三井住友ファイナンス&リース株式会社,東京都,"年収 700万円 ~ 1,500万円"
データアナリスト/東京,株式会社メンバーズ,東京都 中央区 晴海,年収 350万円 ~ 700万円
データサイエンティスト・アナリスト,株式会社TRYANGLE,東京都 新宿区,"月給 296,666円"
【キャリア採用】データ利活用推進,YKK AP株式会社,東京都 千代田区 神田和泉町,"年収 700万円 ~ 1,100万円"
国内モビリティサービス企画,株式会社Senyou,東京都 23区,"月給 491,666円 ~ 1,308,333円"
データアナリスト(マーケティング部所属),株式会社viviON,東京都 千代田区 秋葉原駅,正社員
25新卒,株式会社ADDIX,東京都 港区 南青山,月給 25万円
データサイエンティスト(機械学習を用いたｻｰﾋﾞｽの顧客への提案・ｺﾝｻﾙﾃｨﾝｸﾞ業務)【B職】,株式会社キーエンス,東京都 港区 台場,"年収 900万円 ~ 2,067万円"
地盤調査アナリスト 安全分析,ISD,東京都 品川区 上大崎,年俸 500万円 ~ 700万円
システムエンジニア/データアナリスト,ダイハツ工業株式会社,東京都 中央区 新日本橋駅,年収 500万円 ~ 900万円
システムエンジニア/データアナリスト,株式会社ピープルドット,東京都 千代田区 神保町駅,年収 450万円 ~ 800万円
データサイエンティスト,株式会社TCEコンサルティング,東京都 中央区,月給 32万円 ~ 62万円
コンサル/海外向け新規ソーシャルエンタメ事業のデータアナリスト,ギークス株式会社,東京都 渋谷区 渋谷駅,月給 90万円 ~ 110万円
データサイエンティスト,株式会社TCEコンサルティング,東京都 中央区,月給 32万円 ~ 62万円
データ利活用推進スタッフ データ活用を支援,株式会社ー心堂[1020082],東京都 千代田区 一番町,年俸 600万円 ~ 900万円
データサイエンティスト/アナリスト,アンサーズ,東京都,"年収 600万円 ~ 1,200万円"
データアナリスト・データサイエンティスト,株式会社viviON,東京都 千代田区,月給 35.7万円
海外マーケティング リサーチ&アナリティクス スタッフ,株式会社ポニーキャニオン,東京都 港区 神谷町駅,年収 420万円 ~ 672万円
データアナリスト・データサイエンティスト,エム・アール・アイリサーチアソシエイツ株式会社,東京都 千代田区,月給 28万円 ~ 50万円
"IT/SQLエンジニア/SQL,データ分析/情報基盤データアナリスト業務",株式会社Arkanoids,東京都 千代田区 永田町,月給 100万円 ~ 120万円
データ分析プロフェッショナル、課題解決,株式会社ー心堂[1500013],東京都 渋谷区 恵比寿,年俸 420万円 ~ 850万円
データ分析スペシャリストサービス向上推進,ISD,東京都 千代田区 一番町,年俸 550万円 ~ 900万円
先端技術の調査~研究,株式会社日本総合研究所,東京都 品川区 大崎駅,正社員
マーケティングDXコンサルタント,株式会社WACUL,東京都 千代田区 神田小川町,月給 37.5万円 ~ 52.5万円
ビジネスアナリスト(Business Analyst),ネクスト・ムーブ　株式会社,東京都 23区,年収 800万円
データアナリスト/企画制作部,合同会社EXNOA,東京都 港区 六本木駅,年収 500万円 ~ 900万円
ミャンマー支社とのパイプ役,株式会社クーシー,東京都 渋谷区,年収 350万円 ~ 450万円
データアナリスト,情報ビルダーズ,東京都 港区,月給 36.5万円
データサイエンティスト/データアナリスト,インキュデータ株式会社,東京都 港区 虎ノ門,"年収 600万円 ~ 1,500万円"
美容医療クリニックの戦略分析　122433,東京都港区(Besides　株式会社ビサイズ),東京都 港区,年俸 400万円 以上
データアナリスト・データサイエンティスト,株式会社 テプコシステムズ,一部在宅 in 東京都 江東区,月給 35.8万円 ~ 41.9万円
ゲームアナリスト:社員,サイバーエージェントグループ,東京都 渋谷区 宇田川町,年収 360万円 ~ 800万円
【26卒】長期インターン_IS,HRクラウド株式会社,東京都 千代田区 神田神保町,"時給 1,113円"
マーケティングデータアナリスト 新規施策を立案,(株)ISSHINホールディングス,東京都 千代田区 一ツ橋,年俸 400万円 ~ 650万円
家族向け金融サービスのデータアナリスト,株式会社Senyou,一部在宅 in 東京都 23区,月給 80万円 ~ 90万円
データアナリスト　/　モビリティ会社,クライス&カンパニー,東京都 港区 麻布台,正社員
時代に求められるDEIコンサルタント(西新宿),romtechjapan,東京都 新宿区 新宿駅,月給 31万円 ~ 40万円
データアナリスト　/　医療支援スタートアップ,クライス&カンパニー,東京都 港区,"年収 800万円 ~ 1,200万円"
データ分析人材育成コンサルタント,株式会社ブレインパッド,東京都 港区 六本木,月給 50万円
データマイニング専門家 アクションを導き出す,株式会社ー心堂[1500001],東京都 渋谷区 神宮前,年俸 560万円 ~ 756万円
データアナリスト×ビジネスのハイブリット人材へ,カルチュア･コンビニエンス・クラブグループ,東京都 渋谷区 渋谷,月給 34万910円
データアナリスト/本社,株式会社ぐるなび,東京都 千代田区 有楽町駅,正社員
プランナー(バランス設計):社員,サイバーエージェントグループ,東京都 渋谷区 宇田川町,年収 360万円 ~ 800万円
データアナリスト~100%プライム案件 /案件継続度100%/リモート可/副業可~,type転職エージェント,東京都 港区 芝浦,正社員
データアナリスト(dip data design.Lab),ディップ株式会社,東京都 港区 六本木,年収 600万円 ~ 900万円
データアナリスト,株式会社スタープロジェクト,東京都 渋谷区 桜丘町,年俸 350万円 ~ 500万円
サービス企画のディレクター/クリエイティブ系,株式会社くすりの窓口(東証グロース上場),東京都 豊島区,月給 35万円
PowerBI外資系生保向けデータ分析支援,株式会社Arkanoids,東京都 千代田区,月給 60万円 ~ 70万円
仮説構築・施策提案・効果測定におけるデータアナリスト,コタエルHR株式会社,東京都 23区,月給 41.7万円 ~ 83.4万円
マーケティングデータアナリスト 新規施策を立案,(株)ISSHINホールディングス,東京都 千代田区 一ツ橋,年俸 400万円 ~ 650万円
データサイエンティスト・アナリスト,株式会社QUICK,一部在宅 in 東京都 中央区,月給 25万円
新卒採用 市場リスク管理/信用リスク管理/AI/データ分析等,ソニー銀行株式会社,東京都,"月給 279,167円 ~ 295,834円"
データサイエンティスト・アナリスト,データアナリティクスラボ株式会社,東京都 港区,月給 26万円 ~ 40万円
リモートワーク多|プロダクトデザイナー,AI inside株式会社,東京都 渋谷区 渋谷,"月給 369,942円"
【AWS】需要予測クラウドサービス 次期フェーズ予測モデルの開発の案件,株式会社コプロテクノロジー,東京都 港区,月給 40万円 ~ 60万円
BAエンジニア,株式会社 メトロ,東京都 品川区 大崎駅,月給 25.6万円 ~ 47.8万円
経理アナリスト業績を向上させる,ISD,東京都 港区 西新橋,年俸 450万円 ~ 850万円
データサイエンティスト・アナリスト,株式会社ARISE　analytics,東京都 渋谷区,月給 31万円 ~ 49万円
経理アナリスト業績を向上させる,ISD,東京都 港区 西新橋,年俸 450万円 ~ 850万円
セキュリティコンサルタント・アナリスト,Ridgelinez株式会社,東京都 千代田区,月給 41.6万円 ~ 51.6万円
品質保証・監査,クローダジャパン株式会社,一部在宅 in 東京都 新宿区,年収 350万円 ~ 650万円
データアナリスト(アナリティクスエンジニア)/インターネット/Webサービス・ASP,株式会社Gaudiy,東京都 渋谷区 笹塚,年収 400万円 ~ 800万円
システムエンジニア/CXデザイン部データマーケティング/ビジネスアナリスト,三井住友海上火災保険株式会社,東京都 千代田区 御茶ノ水駅,"年収 700万円 ~ 1,400万円"
【障がい者採用】調達・生産企画室リサーチグループ/マーケティング・アナリスト、データサイエンティスト,東京エレクトロングループ,東京都 港区 赤坂,正社員
経営管理　ファイナンシャルアナリスト(既卒者採用),Procter & Gamble,東京都 中央区,長期
システムエンジニア/データアナリスト,株式会社ワールド,東京都 港区 表参道駅,年収 550万円 ~ 650万円
#NAME?,株式会社coly,東京都 港区 赤坂,年収 600万円 ~ 850万円
CRMデータを解析するデータサイエンティスト,トランスコスモス株式会社,フルリモート in 東京都 豊島区 池袋駅,年収 400万円 ~ 650万円
データアナリスト/クライアント先におけるデータ分析など,データアナリティクスラボ株式会社,東京都 港区 芝大門,月給 26万円 以上
<JADAT事業>データエンジニア,ビットバンク株式会社,東京都 品川区 西五反田,月給 41.7万円 ~ 75.0万円
DX推進マネージャー　128066,東京都千代田区有楽町1丁目(Besides　株式会社ビサイズ),東京都 千代田区,"年俸 800万円 ~ 1,130万円"
データサイエンティスト(DX担当),株式会社アコーディア・ゴルフ,東京都 品川区 品川シーサイド駅,正社員
データ解析スタッフ　情報を分析,ISD,東京都 港区 西新橋,年俸 400万円 ~ 700万円
データ駆動コンサルタント 分析活用,株式会社ー心堂[1500013],東京都 渋谷区 恵比寿,"年俸 600万円 ~ 1,200万円"
データ分析スタッフ KPI設定サポート,株式会社ー心堂[1060032],東京都 港区 六本木,年俸 500万円 ~ 800万円
#NAME?,株式会社coly,東京都 港区 赤坂,年収 600万円 ~ 850万円
データ分析スタッフ　戦略策定,ISD,東京都 渋谷区 桜丘町,"年俸 600万円 ~ 1,000万円"
システムエンジニア/海外技術拠点推進/ビジネスアナリスト,株式会社ベリサーブ,東京都 千代田区,年収 450万円 ~ 600万円
新卒採用 エンジニア,株式会社ネットプロテクションズ,東京都,年収 370万円
人材派遣・人材紹介業界のITアーキテクト,株式会社リクルート,東京都 千代田区 丸の内,"月給 324,072円 ~ 649,558円"
システムエンジニア/データアナリスト,株式会社ヴァリューズ,一部在宅 in 東京都 港区,年収 500万円 ~ 700万円
データサイエンティスト・アナリスト,株式会社 豆蔵,東京都 新宿区,"月給 333,333円 ~ 416,666円"
データアナリスト・データサイエンティスト,株式会社NTTドコモ,東京都 千代田区,月給 20万円 ~ 23万円
マーケティング部・データ&インサイトチーム,ヘイズ・スペシャリスト・リクルートメント・ジャパン株式会社,東京都 23区,正社員
データサイエンティスト(DX担当),株式会社アコーディア・ゴルフ,東京都 品川区 品川シーサイド駅,正社員
戦略立案スペシャリスト業務を推進,株式会社ー心堂[1500001],東京都 渋谷区 神宮前,月給 500万円 ~ 700万円
新規ITサービス企画・開発 キャッシュレス決済×新規事業,romtechjapan,東京都 中央区,月給 29万円
データ分析コンサルタント/技術系(IT・Web・ゲーム・通信),株式会社分析屋,一部在宅 in 東京都 中央区,"月給 551,900円"
オープンポジション　/　ITサービス企業,クライス&カンパニー,東京都 渋谷区,"年収 450万円 ~ 1,200万円"
マーケティングリサーチマネジャー,トランスコスモス株式会社,東京都 豊島区 池袋駅,年収 600万円 ~ 900万円
アナリストエンジニア,株式会社 プロトシステム,東京都 千代田区 麹町,"月給 221,400円 ~ 271,800円"
データアナリスト,株式会社GA technologies,東京都 港区 神谷町駅,月給 58.4万円 ~ 100.0万円
SAPソリューションアナリスト,キャロウェイゴルフ株式会社,東京都 港区 白金台,正社員
Webアナリスト市場調査,株式会社ー心堂[1060032],東京都 港区 六本木,年俸 400万円 ~ 750万円
コンテンツSEOアナリスト記事を改善,株式会社ー心堂[1600023],東京都 新宿区 西新宿,年俸 400万円 ~ 550万円
営業事務・アシスタント,株式会社シェアードリサーチ,東京都 千代田区,"月給 291,600円 ~ 416,600円"
SEOディレクター,株式会社アライバルクオリティー,東京都 渋谷区 代官山駅,月給 25万円 ~ 62万円
MLエンジニア,合同会社DMM.com,東京都 港区 六本木,"年収 600万円 ~ 1,200万円"
データアナリスト　又は　数値解析エンジニア,国立研究開発法人　海上・港湾・航空技術研究所　海上技術安全研究所　2,東京都 三鷹市 新川,"時給 1,380円"
大手ネット印刷プラットフォームのデータアナリスト,株式会社ハルミナ,東京都 渋谷区 渋谷,月給 50万円 ~ 70万円
【The SAZABY LEAGUE】EC・WEB,株式会社サザビーリーグ,東京都 渋谷区 千駄ケ谷駅,"年収 1,000万円 ~ 1,200万円"
Python・データエンジニア・アナリスト,ハーベスト株式会社,東京都 千代田区 東京駅,月給 80万円 ~ 90万円
マーケティングデータアナリスト　/　メガバンク,クライス&カンパニー,東京都 千代田区,"年収 700万円 ~ 1,300万円"
Python・データエンジニア・アナリスト,ハーベスト株式会社,東京都 千代田区 東京駅,月給 80万円 ~ 90万円
新卒採用 データアナリスト/東京(本社),株式会社久,東京都 港区 南麻布,"月給 268,050円"
システムエンジニア/データエンジニア・アナリスト,株式会社Looop,東京都 台東区 上野広小路駅,年収 640万円 ~ 940万円
セキュリティ リサーチャー/アナリスト,type転職エージェント,東京都 千代田区 大手町駅,正社員
調査推進スタッフ PDCAサイクルを最適化,株式会社ー心堂[1700013],東京都 豊島区 東池袋,年俸 600万円 ~ 900万円
データ利活用推進担当スタッフ データ活用を促進,株式会社ー心堂[1020082],東京都 千代田区 一番町,年俸 600万円 ~ 900万円
データアナリスト担当,株式会社出前館,東京都 渋谷区 代々木駅,正社員
[派]【基本在宅】データアナリスト*データ活用スペシャリスト,アデコ株式会社,東京都 渋谷区,"時給 2,500円"
テクノロジー戦略コンサルタント・外資系コンサルファーム,アイ・メディカ株式会社,東京都 新宿区 西新宿,"年俸 600万円 ~ 2,500万円"
事業企画・新規事業開発,LINE WORKS株式会社,東京都 渋谷区,"月給 416,667円 ~ 666,667円"
【istyle】マーケティングアナリスト,istyle,東京都 港区 赤坂,"月給 357,143円"
Data Analyst,ヘイズ・スペシャリスト・リクルートメント・ジャパン株式会社,東京都 23区,正社員
データエンジニア/データアナリスト,デロイトトーマツ税理士法人,東京都 千代田区 日比谷駅,正社員
データアナリスト,株式会社NTTデータビジネスシステムズ,東京都 豊島区 池袋駅,正社員
CTO/フルスタック/データエンジニア/AIスタートアップで地方初の上場を目指す,株式会社イグアス,東京都 新宿区,月給 70万円 ~ 150万円
SEOディレクター,株式会社アライバルクオリティー,東京都 渋谷区 代官山駅,月給 25万円 ~ 62万円
SAPソリューションアナリスト,キャロウェイゴルフ株式会社,東京都 港区 白金台,正社員
データ分析/アナリスト,SBプレイヤーズ株式会社,東京都 中央区 京橋,正社員
データアナリスト・データサイエンティスト,東京電力エナジーパートナー株式会社,東京都 中央区,"月給 324,300円 ~ 431,400円"
事業企画・新規事業開発,LINE WORKS株式会社,東京都 渋谷区,"月給 416,667円 ~ 666,667円"
マーケティングリサーチマネジャー,トランスコスモス株式会社,東京都 豊島区 池袋駅,年収 600万円 ~ 900万円
セキュリティ リサーチャー/アナリスト,type転職エージェント,東京都 千代田区 大手町駅,正社員
アナリストエンジニア,株式会社 プロトシステム,東京都 千代田区 麹町,"月給 221,400円 ~ 271,800円"
CTO/フルスタック/データエンジニア/AIスタートアップで地方初の上場を目指す,株式会社イグアス,東京都 新宿区,月給 70万円 ~ 150万円
コンテンツSEOアナリスト記事を改善,株式会社ー心堂[1600023],東京都 新宿区 西新宿,年俸 400万円 ~ 550万円
マーケ戦略立案スタッフ 販促施策企画,株式会社ー心堂[1500044],東京都 渋谷区 円山町,年俸 450万円 ~ 700万円
新卒採用 データアナリスト/東京(本社),株式会社久,東京都 港区 南麻布,"月給 268,050円"
Python/データアナリスト,ギークス株式会社,東京都 渋谷区 渋谷駅,月給 65万円 ~ 90万円
データアナリスト【Power BIへの移行プロジェクト】,Michael Page,東京都 23区,"年収 700万円 ~ 1,200万円"
システムエンジニア/データエンジニア・アナリスト,株式会社Looop,東京都 台東区 上野広小路駅,年収 640万円 ~ 940万円
データアナリスト,株式会社NTTデータビジネスシステムズ,東京都 豊島区 池袋駅,正社員
MLエンジニア,合同会社DMM.com,東京都 港区 六本木,"年収 600万円 ~ 1,200万円"
[派]【基本在宅】データアナリスト*データ活用スペシャリスト,アデコ株式会社,東京都 渋谷区,"時給 2,500円"
データサイエンティスト/ビジネスアナリスト(サービス/プロダクト企画・改善),株式会社 本田技術研究所,東京都 港区 赤坂,"年収 450万円 ~ 1,000万円"
データエンジニア/データアナリスト,デロイトトーマツ税理士法人,東京都 千代田区 日比谷駅,正社員
プロダクトマネージャー(アプリ・Web),株式会社Luup,フルリモート in 東京都 千代田区 神田佐久間町,"月給 500,000円 ~ 833,333円"
決算業務担当　データを査定,株式会社ー心堂[1060032],東京都 港区 六本木,年俸 600万円 ~ 900万円
データサイエンス専門家 課題を解決する,株式会社ー心堂[1080073],東京都 港区 三田,"年俸 1,000万円 ~ 2,000万円"
【istyle】マーケティングアナリスト,istyle,東京都 港区 赤坂,"月給 357,143円"
データアナリスト(財務)資料作成,株式会社ー心堂[1050001],東京都 港区 虎ノ門,"年俸 800万円 ~ 1,200万円"
コンサルタント事業部 コンサルタント(未経験者),株式会社ビジョン・コンサルティング,東京都 新宿区 四谷,月給 35万円 ~ 142万円
ビジネスアナリスト&テクノロジーアナリスト募集中,株式会社ジェイ エイ シー リクルートメント,東京都 23区,"年収 600万円 ~ 1,000万円"
データエンジニア【業界有名人在籍のデータスペシャリスト集団/リモートワーク中心!残業月20H】/インターネット/Webサービス・ASP,DATUM STUDIO株式会社,東京都 港区 虎ノ門,"年収 500万円 ~ 1,000万円"
ITコンサルタント(ビジネスアナリスト/データ利活用コンサルタント),株式会社大和総研,東京都 江東区 門前仲町駅,"年収 600万円 ~ 2,000万円"
調査推進スタッフ PDCAサイクルを最適化,株式会社ー心堂[1700013],東京都 豊島区 東池袋,年俸 600万円 ~ 900万円
データ活用スタッフ サービス最適化を実施,株式会社ー心堂[1020082],東京都 千代田区 一番町,年俸 550万円 ~ 900万円
【メディア事業部】アドプランナー,サイバーエージェントグループ,東京都 渋谷区 宇田川町,正社員
データ活用推進スタッフ データ活用の基盤整備,株式会社ー心堂[1020071],東京都 千代田区 富士見,"年俸 500万円 ~ 1,300万円"
システムエンジニア/データアナリスト,株式会社ゼンショーホールディングス,東京都 港区 品川駅,年収 500万円 ~ 800万円
Webアナリスト市場調査,株式会社ー心堂[1060032],東京都 港区 六本木,年俸 400万円 ~ 750万円
Data Analyst,ヘイズ・スペシャリスト・リクルートメント・ジャパン株式会社,東京都 23区,正社員
データコンサルタント,トランスコスモス株式会社,東京都 渋谷区 渋谷駅,年収 450万円 ~ 800万円
システムエンジニア,株式会社ビリケンコンサルタント,東京都 豊島区,月給 55万円 ~ 65万円
データアナリスト,ANYCOLOR株式会社,東京都 港区,年収 390万円 ~ 700万円
【東証プライム上場】データアナリスト,株式会社アクシアム,東京都 23区,"年収 500万円 ~ 1,200万円"
データアナリスト担当,株式会社出前館,東京都 渋谷区 代々木駅,正社員
《東京》SEOマーケティング担当(SEOスペシャリスト/コンテンツSEO)(エキスパート職),株式会社グロービス,一部在宅 in 東京都 千代田区 麹町,正社員
データサイエンティスト・アナリスト,パナソニックインダストリー株式会社,東京都 港区,月給 27万円 ~ 67万円
株式会社サザビーリーグ　※データアナリスト(データ活用支援担当)※　DX推進室　CRM・EC支援課,株式会社サザビーリーグ,東京都 渋谷区,正社員+1
マーケティング関連業務/高給与/東京,株式会社インフェス,東京都 新宿区 西新宿,月給 45万円 ~ 55万円
データアナリスト・データサイエンティスト,SMBCコンシューマーファイナンス株式会社,東京都 江東区,"月給 340,000円 ~ 453,500円"
ストラテジスト,株式会社アライバルクオリティー,東京都 渋谷区 代官山駅,月給 25万円 ~ 62万円
AIエンジニア・MLエンジニア/東京,株式会社メンバーズ,東京都 中央区 晴海,"年収 390万円 ~ 1,000万円"
生成AI等に関するELSIコンサルタント(AI倫理、プライバシー),株式会社日立コンサルティング,東京都 千代田区 麹町, 
マーケティング/データアナリスト,株式会社U-NEXT　HOLDINGS,東京都 品川区,年収 400万円 ~ 600万円
データビジネスプランナー/事業推進担当(リーダー),三井住友カード株式会社,東京都 江東区 豊洲駅,"年収 600万円 ~ 1,300万円"
《東京》 GLOBIS 学び放題 toB事業_営業企画・カスタマーサクセス (プロフェッショナル職),株式会社グロービス,東京都 千代田区 麹町,正社員
株式会社サザビーリーグ　※データアナリスト(データ活用支援担当)※　DX推進室　CRM・EC支援課,株式会社サザビーリーグ,東京都 渋谷区,正社員+1
データアナリスト・データサイエンティスト,株式会社ビデオリサーチコミュニケーションズ,東京都 千代田区,月給 23.2万円 ~ 34.3万円
データ解析スペシャリスト データ活用提案,株式会社ー心堂[1500011],東京都 渋谷区 東,年俸 600万円 ~ 800万円
アナリスト,株式会社東京スター銀行,東京都 港区,"年収 500万円 ~ 1,100万円"
[派]≪完全在宅≫時2700円医療系サービス*/データアナリスト,株式会社キャリアデザインセンター,フルリモート in 東京都 港区,"時給 2,700円 ~ 3,000円"
投資銀行部門向けSalesforce 開発者,野村證券株式会社,東京都 千代田区 大手町,正社員
データアナリスト・データサイエンティスト,三菱マテリアル株式会社,東京都 千代田区,月給 45万円 ~ 65万円
マーケティングデータアナリスト,株式会社IJTコンサルティング,フルリモート in 東京都 港区 東新橋,年俸 350万円 ~ 600万円
データサイエンティスト(インターン),アポロ株式会社,東京都 渋谷区 渋谷,"時給 1,800円 以上"
IRメンバー,株式会社ラクス,東京都 渋谷区 千駄ヶ谷,"年収 5,493,636円 ~ 7,687,392円"
<IT派遣>データアナリストポジション!,ヘイズ・スペシャリスト・リクルートメント・ジャパン株式会社,東京都 23区,契約社員
データアナリスト_AI技術開発部　/　モビリティ会社,クライス&カンパニー,東京都 港区 麻布台,"年収 900万円 ~ 1,200万円"
データ解析スタッフ 最新技術駆使,株式会社ー心堂[1600023],東京都 新宿区 西新宿,年俸 300万円 ~ 600万円
エコノミスト,株式会社りそな銀行,東京都 江東区,"月給 366,300円 以上"
マーケティングリサーチ・分析/電力・ガス・エネルギー業界のマーケティング・企画・宣伝,株式会社Looop,東京都 台東区,"年収 650万円 ~ 1,000万円"
マネジングディレクター,オリバーワイマングループ株式会社,東京都 港区 赤坂, 
データ分析業務とその他付帯業務,株式会社インター･ベル,東京都 渋谷区 恵比寿駅,年収 450万円 ~ 700万円
データアナリスト,株式会社WAKUWAKU JOB,東京都 港区,月給 36万円 ~ 52万円
JALサイトを牽引する!マークアップエンジニア,株式会社JALブランドコミュニケーション,東京都 品川区,月給 23.8万円 ~ 33.8万円
機械学習(AI) エンジニア,株式会社 ROSSO,東京都 渋谷区 代々木公園駅,月給 25万円 ~ 50万円
【リモートワーク】データ分析、解析基盤開発/データサイエンス,パーソルクロステクノロジー株式会社,東京都 渋谷区 渋谷駅,"時給 2,500円"
データ分析スタッフ 売上を数値で上げる,株式会社ー心堂[1050003],東京都 港区 西新橋,年俸 400万円 ~ 700万円
【GA】グロースディレクター(東京),株式会社メンバーズ,東京都 中央区 晴海,月給 28万円 ~ 42万円
アナリティクスコンサルティング分野,インテグラス株式会社,東京都 千代田区,"年収 500万円 ~ 1,500万円"
エコノミスト,株式会社りそな銀行,東京都 江東区,"月給 366,300円 以上"
ビジネスプロデューサー,株式会社ADDIX,東京都 港区 南青山,年俸 438万円 ~ 864万円
Base-SAS/Pythonを用いたヘルスケアレコード データアナリスト/システムエンジニア,harmo株式会社,東京都 港区 芝浦,正社員
マーケティングリサーチ・分析/電力・ガス・エネルギー業界のマーケティング・企画・宣伝,株式会社Looop,東京都 台東区,"年収 650万円 ~ 1,000万円"
IT法人営業,コグラフ株式会社,東京都 品川区,年収 330万円 ~ 400万円
マーケティングスペシャリスト 고객 분석 전략 제안,株式会社ー心堂[1010021],東京都 千代田区 外神田,年俸 600万円 ~ 750万円
【リモートワーク】データ分析、解析基盤開発/データサイエンス,パーソルクロステクノロジー株式会社,東京都 渋谷区 渋谷駅,"時給 2,500円"
マネジングディレクター,オリバーワイマングループ株式会社,東京都 港区 赤坂, 
コンテンツディレクター,株式会社アライバルクオリティー,東京都 渋谷区 代官山駅,月給 25万円 ~ 62万円
データドリブン改革/ビジネス企画コンサルタント,株式会社日立コンサルティング,東京都 千代田区 麹町,"年収 420万円 ~ 1,250万円"
総務部・社内情報システムメンバー(セキュリティ),株式会社シーイーシー,東京都 渋谷区 恵比寿南,月給 25.8万円 ~ 37.0万円
データサイエンティスト,株式会社マツリカ,東京都 中央区 東日本橋,"年収 400万円 ~ 1,300万円"
《東京》WEBサイト企画・アナリスト(プロフェッショナル職),株式会社グロービス,一部在宅 in 東京都 千代田区 麹町,正社員
生成AIを活用した業務変革コンサルタント,株式会社日立コンサルティング,東京都 千代田区 麹町, 
【東京】DX推進,八千代エンジニヤリング株式会社,東京都 台東区 浅草橋,"年収 420万円 ~ 1,138万円"
ヘルスケアイノベーションコンサルタント 〜ヘルスケアの知見を活かし社会の変革を支援〜,株式会社日立コンサルティング,東京都 千代田区 麹町,"年収 420万円 ~ 1,250万円"
【Technology】BIエンジニア/データアナリスト,JLL,東京都 渋谷区, 
システムエンジニア/データアナリスト,株式会社アドインテ,東京都 新宿区 西新宿駅,年収 400万円 ~ 700万円
【テク】Re:Career採用,株式会社サイバーエージェント,東京都 渋谷区 宇田川町,新卒
【財務・経理本部】グローバルなIR活動を担うスタッフ,株式会社ニコン,東京都 港区 港南,"年収 570万円 ~ 1,020万円"
データアナリスト・データサイエンティスト,キャル株式会社(東京本社),東京都 千代田区 秋葉原駅,月給 30万円 ~ 55万円
フリーランス/高給与/シェアハウス/PMO,株式会社インフェス,東京都 新宿区 西新宿,月給 60万円 ~ 70万円
データアナリスト・データサイエンティスト,株式会社コナミデジタルエンタテインメント,東京都 中央区,月給 25万円 ~ 50万円
12【東京】SEOコンサルタント,株式会社　プリンシプル,東京都 千代田区 秋葉原駅,年収 500万円 ~ 700万円
管理部門,SREホールディングス株式会社,東京都 港区 赤坂,年収 800万円
金融専門職/クレジットアナリスト・ビジネスアナリスト,イオンフィナンシャルサービス株式会社,東京都 千代田区,"年収 774万円 ~ 1,040万円"
『ROBOPRO』のデータアナリスト,株式会社FOLIO,東京都 千代田区,年俸 550万円 ~ 900万円
BUYMA データサイエンティスト,株式会社エニグモ,東京都 港区 青山一丁目駅,年収 600万円 ~ 900万円
美容業界大手メディア@cosme・マーケティングアナリスト,アイ・メディカ株式会社,東京都 港区 赤坂,年俸 500万円 ~ 700万円
DXS2403_AIとビッグデータ分析の基盤エンジニア,NTTデータ先端技術株式会社,東京都 中央区 月島,年収 500万円 ~ 800万円
ドコモグループでのIT法人営業,AMBL株式会社,東京都 千代田区 富士見,"時給 2,300円 以上"
財務管理スタッフ 業務改善,株式会社ー心堂[1070052],東京都 港区 赤坂,"年俸 1,000万円 ~ 1,300万円"
【New】 Webアナリスト,イントリックス株式会社,東京都 品川区 北品川,正社員
EC・デジタルサービス部_データアナリスト　/　大手小売企業,クライス&カンパニー,東京都 文京区,年収 650万円 ~ 900万円
"【東京】データ活用【BA,BI,データ分析領域】",type転職エージェント,東京都 品川区 大崎駅,正社員
クライアントのマーケティングDXを推進するデータマーケター,株式会社クロス・マーケティンググループ,東京都 新宿区 西新宿,月給 23.1万円 ~ 38.5万円
アナリティクスエンジニア,株式会社ブックリスタ,東京都 港区 赤坂,正社員
【アナリティクスエンジニア】ビジネスカンパニー(横断マーケティング本部)_東京(田町),株式会社マネーフォワード,東京都 港区 芝浦,"月給 168,805円 ~ 584,000円"
データサイエンティスト・アナリスト,株式会社INPEX,東京都 港区,月給 38万円 ~ 66万円
データ分析スタッフ プロダクト改善推進,株式会社ー心堂[1020082],東京都 千代田区 一番町,年俸 550万円 ~ 900万円
経営管理業務支援,株式会社インフェス,東京都 千代田区 丸の内,月給 45万円 ~ 60万円
【コンサル未経験可】サーキュラーエコノミーコンサルタント 〜顧客の構想策定から実行までを支援〜,株式会社日立コンサルティング,東京都 千代田区 麹町,長期
データサイエンティスト・アナリスト,ルネサス エレクトロニクス株式会社,東京都 小平市,"月給 300,000円 ~ 588,235円"
データアナリスト・データサイエンティスト,株式会社キッツ,東京都 港区,月給 30万円 ~ 40万円
リサーチ・データ分析,日本キャリアグループ株式会社,東京都 千代田区,月給 42万円 ~ 83万円
経営企画/データアナリスト,HENNGE株式会社,東京都 渋谷区,年収 500万円 ~ 800万円
12【東京】SEOコンサルタント,株式会社　プリンシプル,東京都 千代田区 秋葉原駅,年収 500万円 ~ 700万円
財務管理スタッフ 業務改善,株式会社ー心堂[1070052],東京都 港区 赤坂,"年俸 1,000万円 ~ 1,300万円"
『ROBOPRO』のデータアナリスト,株式会社FOLIO,東京都 千代田区,年俸 550万円 ~ 900万円
データ分析スタッフ プロダクト改善推進,株式会社ー心堂[1020082],東京都 千代田区 一番町,年俸 550万円 ~ 900万円
美容業界大手メディア@cosme・マーケティングアナリスト,アイ・メディカ株式会社,東京都 港区 赤坂,年俸 500万円 ~ 700万円
リサーチアナリスト,GEM Partners 株式会社,東京都 港区 表参道駅,正社員
管理部門,SREホールディングス株式会社,東京都 港区 赤坂,年収 800万円
【アナリティクスエンジニア】ビジネスカンパニー(横断マーケティング本部)_東京(田町),株式会社マネーフォワード,東京都 港区 芝浦,"月給 168,805円 ~ 584,000円"
データサイエンティスト・アナリスト,合同会社DMM.com,東京都 港区,"月給 416,666円 ~ 750,000円"
経営管理業務支援,株式会社インフェス,東京都 千代田区 丸の内,月給 45万円 ~ 60万円
データアナリスト　/　人材サービス企業,クライス&カンパニー,東京都 千代田区,"年収 500万円 ~ 1,000万円"
【PowerBI】データアナリスト/フリーランスITエンジニア案件(データアナリスト),アイムファクトリー株式会社,東京都 新宿区 新宿,月給 60万円
【リモート可】データアナリスト,株式会社DearOne,東京都 港区,年収 520万円 ~ 800万円
データアナリスト　/　人材サービス企業,クライス&カンパニー,東京都 千代田区,"年収 500万円 ~ 1,000万円"
【PowerBI】データアナリスト/フリーランスITエンジニア案件(データアナリスト),アイムファクトリー株式会社,東京都 新宿区 新宿,月給 60万円
データ戦略構築エンジニア データ解析,株式会社ー心堂[1080023],東京都 港区 芝浦,年俸 440万円 ~ 900万円
【game】ゲームアナリスト/インターネット/Webサービス・ASP,株式会社ルーデル,東京都 新宿区 四谷,年収 400万円
IT戦略研究部/データ分析,株式会社カーセブンデジフィールド,フルリモート in 東京都 品川区 大崎駅,月給 33.3万円 ~ 53.3万円
【データアナリスト(マーケティング部所属)】「comipo」「viviON enter」「GIRLSMANIAX」などの運営会社/37877,株式会社viviON,東京都 千代田区 神田練塀町,"年収 500万円 ~ 1,000万円"
WEBアナリスト,Zenken株式会社,東京都 新宿区 都庁前駅,月給 24万円 ~ 35万円
マーケティング専門スタッフ グロース事業を成長させる,株式会社ー心堂[1500044],東京都 渋谷区 円山町,年俸 450万円 ~ 700万円
データアナリスト　/　幅広いオンラインサービスを提供する企業,クライス&カンパニー,東京都 千代田区,"年収 447万円 ~ 1,059万円"
DXS2403_AIとビッグデータ分析の基盤エンジニア,NTTデータ先端技術株式会社,東京都 中央区 月島,年収 500万円 ~ 800万円
シニアデータアナリスト　/　マッチングアプリを運営するスタートアップ,クライス&カンパニー,東京都 渋谷区,"年収 800万円 ~ 1,300万円"
【コンサル未経験可】サーキュラーエコノミーコンサルタント 〜顧客の構想策定から実行までを支援〜,株式会社日立コンサルティング,東京都 千代田区 麹町,長期
データアナリスト【区分所有オフィス事業】,株式会社ボルテックス,東京都 千代田区,年収 500万円 ~ 850万円
HRデータアナリスト　/　自動車メーカー,クライス&カンパニー,東京都 港区,"年収 450万円 ~ 1,000万円"
アナリスト,SOMPOリスクマネジメント株式会社,一部在宅 in 東京都 新宿区,年収 500万円 ~ 800万円
HRデータアナリスト　/　自動車メーカー,クライス&カンパニー,東京都 港区,"年収 450万円 ~ 1,000万円"
経営企画(IR担当),ランサーズ株式会社,東京都 渋谷区 渋谷,"月給 318,500円 ~ 424,400円"
"IT/分析エンジニア/Python,PowerBI/データ分析可視化PJ支援",株式会社Arkanoids,東京都 千代田区 神田神保町,月給 60万円 ~ 80万円
M&Aアドバイザー・マネージャー候補(フレックスタイム制),romtechjapan,東京都 新宿区 新宿,"年収 700万円 ~ 1,000万円"
クオンツエンジニア・アナリスト・データサイエンティスト,株式会社グレイス,東京都 中央区,年収 400万円 ~ 800万円
【リモート可】データアナリスト,株式会社マイベスト,東京都 中央区,"年収 744万円 ~ 1,100万円"
クライアントのマーケティングDXを推進するデータマーケター,株式会社クロス・マーケティンググループ,東京都 新宿区 西新宿,月給 23.1万円 ~ 38.5万円
ダンサー向けiPhone用アプリ開発におけるデータエンジニア,株式会社Senyou,東京都 23区,月給 60万円 ~ 80万円
フリーランス/高給与/シェアハウス/システムエンジニア/C#,株式会社インフェス,東京都 新宿区 西新宿,月給 60万円 ~ 70万円
データアナリスト・データサイエンティスト,LINEヤフー株式会社,東京都 千代田区,正社員
データアナリスト Python SQL クラウド テレワーク,アイ・メディカ株式会社,フルリモート in 東京都 品川区 大崎,年俸 500万円 ~ 800万円
ITコンサルタント(金融),フューチャーアーキテクト株式会社,東京都 品川区 大崎駅,"月給 253,600円 ~ 882,400円"
システムエンジニア/データ分析スペシャリスト,株式会社STAYGOLD,東京都 渋谷区 恵比寿駅,年収 450万円 ~ 700万円
新卒採用 ITアナリスト(ITコンサルタント候補),株式会社ビービージーシー,東京都,正社員+1
データアナリスト　/　SalesTech,クライス&カンパニー,東京都 港区,年収 400万円 ~ 900万円
ドコモグループでのIT法人営業,AMBL株式会社,東京都 千代田区 富士見,"時給 2,300円 以上"
12【東京】SEOコンサルタント,株式会社　プリンシプル,東京都 千代田区 秋葉原駅,年収 500万円 ~ 700万円
Snowflakeエンジニア,Supership株式会社,東京都 港区 虎ノ門,正社員
データアナリスト・データサイエンティスト,LINEヤフー株式会社,東京都 千代田区,正社員
データアナリスト・データサイエンティスト,株式会社キッツ,東京都 港区,月給 30万円 ~ 40万円
内部監査人(信託銀行担当),野村證券株式会社,東京都 千代田区 大手町,正社員
システムエンジニア/データ分析スペシャリスト,株式会社STAYGOLD,東京都 渋谷区 恵比寿駅,年収 450万円 ~ 700万円
経営企画(IR担当),ランサーズ株式会社,東京都 渋谷区 渋谷,"月給 318,500円 ~ 424,400円"
M&A Transaction Service (Private Equity),ACS Japan,東京都 23区,正社員
大手スポーツメーカーでのデジタルマーケティング・デジタルCXプランナｰ,東レエンタープライズ株式会社,東京都 豊島区 目白駅,年収 450万円 ~ 800万円
データサイエンティスト・アナリスト,株式会社日立製作所,東京都 千代田区,"月給 236,500円 ~ 425,000円"
サーバーエンジニア,株式会社 モンスター・ラボ,東京都 中野区 中野駅,業務委託
データアナリスト・データサイエンティスト,株式会社出前館,東京都 渋谷区,"年収 600万円 ~ 1,300万円"
データ分析・集計(SQL),株式会社キャリアデザインセンター,フルリモート in 東京都 渋谷区,"時給 2,200円 ~ 2,300円"
データサイエンティスト,ヘイズ・スペシャリスト・リクルートメント・ジャパン株式会社,東京都 23区,"年収 1,100万円"
【SQL】システム統合におけるデータ分析支援/データ抽出・加工,パーソルクロステクノロジー株式会社,東京都 新宿区 新宿駅,"時給 2,900円 ~ 3,200円"
マーケティング調査アナリストWebマーケティングの課題解決,株式会社ー心堂[1060032],東京都 港区 六本木,年俸 400万円 ~ 750万円
金融専門職/正規職員,年金積立金管理運用独立行政法人,東京都 港区 虎ノ門駅,月給 22万500円
データアナリスト支援の分析業務,株式会社一心堂,東京都 渋谷区 神宮前,"年俸 600万円 ~ 1,000万円"
通訳・翻訳,内藤証券株式会社,東京都,月給 25万円 ~ 35万円
BUYMA シニアデータサイエンティスト,株式会社エニグモ,東京都 港区 青山一丁目駅,"年収 800万円 ~ 1,200万円"
既存コンサルタント(デジタルマーケ),株式会社Speee,東京都 港区 六本木一丁目駅,年収 400万円 ~ 750万円
データアナリスト/データサイエンティスト 英語を活かす シニアビジネスアナリスト/ Senior Business Analyst,ロバート・ウォルターズ・ジャパン株式会社,東京都,年収 600万円 ~ 900万円
データアナリスト　/　シェアリングサービス運営企業,クライス&カンパニー,東京都 千代田区,"年収 600万円 ~ 1,000万円"
データサイエンス部部長　/　ヘルスケアスタートアップ,クライス&カンパニー,東京都 千代田区,"年収 900万円 ~ 1,200万円"
メディアプロデューサー/マネージャー候補,株式会社イトクロ,東京都 品川区 上大崎,年収 400万円 ~ 700万円
データアナリスト_AI技術開発部,type転職エージェント,東京都 港区 六本木一丁目駅,正社員
ほぼ完全在宅　データ集計　データ抽出　SQL使用,アスコープ株式会社,フルリモート in 東京都 渋谷区,"時給 2,500円 以上"
データアナリスト(フルフレックス),auフィナンシャルサービス株式会社,東京都 港区 西新橋,"年収 800万円 ~ 1,000万円"
SXビジネスコンサルタント 〜企業のサステナビリティ・トランスフォーメーションを支援〜,株式会社日立コンサルティング,東京都 千代田区 麹町,マネージャー採用+1
データアナリスト:サービス改善をリード,株式会社NTTデータビジネスシステムズ,東京都 豊島区 東池袋,年収 450万円 ~ 750万円
クライアントのマーケティングDXを推進するデータマーケター,株式会社クロス・マーケティンググループ,東京都 新宿区 西新宿,月給 23.1万円 ~ 38.5万円
HRBP　/　AIベンチャー,クライス&カンパニー,東京都 港区,"年収 700万円 ~ 1,200万円"
データサイエンティスト データベースエンジニア Salesforceコンサル,株式会社コーボー,東京都 千代田区 飯田橋,月給 75万円
中途採用事業/リクルーティングコンサルタント(リーダー候補)/インターネット/Webサービス・ASP,オープンワーク株式会社,東京都 渋谷区 渋谷,年収 525万円 ~ 690万円
データアナリスト(マネージャー)　※リモート可,株式会社アクシアム,東京都 23区,"年収 600万円 ~ 1,200万円"
【フルリモート可】データアナリスト(スマホゲーム有名タイトル多数),ワンダープラネット株式会社,東京都 千代田区,年収 400万円 ~ 800万円
新規事業・サービスデザインコンサルタント 〜デジタルテクノロジー、デザインシンキングを軸にした事業構想・サービスデザイン〜,株式会社日立コンサルティング,東京都 千代田区 麹町,"年収 420万円 ~ 1,250万円"
ESGアナリスト・リサーチャー(サステナビリティ領域の経験者採用),株式会社グレイス,東京都 中央区,年収 500万円 ~ 900万円
シニアデータアナリスト　/　マッチングアプリを運営するスタートアップ,クライス&カンパニー,東京都 渋谷区,"年収 800万円 ~ 1,300万円"
データアナリスト,type転職エージェント,東京都 千代田区 半蔵門駅,正社員
TFFBU 事業企画部 製品戦略グループ 半導体製造装置プロダクトマーケティング/市場分析,東京エレクトロングループ,東京都 港区 赤坂,正社員
データサイエンティスト・アナリスト,FITEC株式会社,一部在宅 in 東京都 品川区,月給 24.0万円 ~ 32.5万円
採用コンサルタント,株式会社ダイレクトソーシング,東京都 港区,月給 34.0万円 ~ 43.6万円
国内資産運用会社の債券運用部(金利戦略)国内債券ポートフォリオ・マネジャー,タイグロンパートナーズ株式会社,東京都 港区 虎ノ門,"年収 1,000万円 ~ 1,400万円"
M&A Transaction Service (Private Equity),ACS Japan,東京都 23区,正社員
経営企画(IR担当),ランサーズ株式会社,東京都 渋谷区 渋谷,"月給 318,500円 ~ 424,400円"
データアナリスト:サービス改善をリード,株式会社NTTデータビジネスシステムズ,東京都 豊島区 東池袋,年収 450万円 ~ 750万円
データサイエンティスト データベースエンジニア Salesforceコンサル,株式会社コーボー,東京都 千代田区 飯田橋,月給 75万円
HRBP　/　AIベンチャー,クライス&カンパニー,東京都 港区,"年収 700万円 ~ 1,200万円"
インターネット関連業界のITアーキテクト,GO株式会社,東京都 港区 麻布台,"年収 900万円 ~ 1,200万円"
データアナリスト(マネージャー)　※リモート可,株式会社アクシアム,東京都 23区,"年収 600万円 ~ 1,200万円"
アナリティクスエンジニア - CRE,株式会社ビットキー,一部在宅 in 東京都 中央区,"月給 583,333円 ~ 1,000,000円"
メディアプロデューサー/マネージャー候補,株式会社イトクロ,東京都 品川区 上大崎,年収 400万円 ~ 700万円
データサイエンティスト・アナリスト,株式会社DearOne,東京都 港区,月給 26.5万円 ~ 40.0万円
リサーチ・市場調査,ディー・フォー・ディー・アール株式会社,一部在宅 in 東京都 港区,月給 25.0万円 ~ 41.6万円
【フルリモート可】データアナリスト(スマホゲーム有名タイトル多数),ワンダープラネット株式会社,東京都 千代田区,年収 400万円 ~ 800万円
データアナリスト支援の分析業務,株式会社一心堂,東京都 渋谷区 神宮前,"年俸 600万円 ~ 1,000万円"
ESGアナリスト・リサーチャー(サステナビリティ領域の経験者採用),株式会社グレイス,東京都 中央区,年収 500万円 ~ 900万円
データアナリスト・データサイエンティスト,みずほ第一フィナンシャルテクノロジー株式会社,東京都 千代田区,月給 35万円 ~ 60万円
ESGアナリスト・リサーチャー(サステナビリティ領域の経験者採用),株式会社グレイス,東京都 中央区,年収 500万円 ~ 900万円
データアナリスト(リモート可/フレックス制),パーソルキャリア株式会社,東京都 新宿区,年収 500万円 ~ 860万円
データサイエンティスト・シニア【福岡銀行】※経験者のみ,ふくおかフィナンシャルグループ,東京都 中央区,"年収 600万円 ~ 1,000万円"
データエンジニア(リーダー),三井住友カード株式会社,東京都 江東区 豊洲駅,"年収 600万円 ~ 1,300万円"
データサイエンティスト・アナリスト,株式会社シイエヌエス,東京都 渋谷区,月給 31万円 ~ 38万円
【リモートワーク可】自社開発データアナリスト1年以上の経験者/広告・デザイン・イベント,株式会社サイバーエージェント,東京都,"年収 450万円 ~ 1,300万円"
マーケティング/データアナリスト,RIZAPグループ株式会社,一部在宅 in 東京都 新宿区 西新宿駅,年収 600万円 ~ 700万円
大手クライアントの広告・Webサイト/データコンサルタント(超大手・駅近),トランスコスモス株式会社,東京都 渋谷区 渋谷,年収 450万円 ~ 800万円
【外資系マーケティング企業】データアナリスト - 大手小売業担当,マイケル・ペイジ・インターナショナル・ジャパン株式会社,東京都 23区,年収 500万円 ~ 900万円
【プランナー】スマホ向けゲーム新規開発/バランス設計業務,株式会社エクストリーム,東京都 渋谷区,月給 52万円
データアナリスト(経験者ポジション),株式会社サイバー・バズ,東京都 渋谷区,"年収 600万円 ~ 1,008万円"
【ハイクラス】オープンポジション(UI・UXデザイナー/データアナリスト),PwCコンサルティング合同会社,東京都 千代田区,"年収 800万円 ~ 1,500万円"
新規事業・サービスデザインコンサルタント 〜デジタルテクノロジー、デザインシンキングを軸にした事業構想・サービスデザイン〜,株式会社日立コンサルティング,東京都 千代田区 麹町,"年収 420万円 ~ 1,250万円"
データエンジニア,ヘイズ・スペシャリスト・リクルートメント・ジャパン株式会社,東京都 23区,"年収 700万円 ~ 1,500万円"
経営企画/データアナリスト,HENNGE株式会社,東京都 渋谷区,年収 500万円 ~ 800万円
マーケティング調査アナリストWebマーケティングの課題解決,株式会社ー心堂[1060032],東京都 港区 六本木,年俸 400万円 ~ 750万円
データアナリスト・データサイエンティスト,株式会社りそな銀行,東京都 江東区,"月給 272,300円 ~ 735,600円"
マーケティング/データアナリスト,LINEヤフー株式会社,東京都 千代田区,年収 550万円 ~ 800万円
DMBU　データ分析コンサルタント,SCデジタル株式会社,東京都 渋谷区 渋谷駅,正社員
データエンジニア/アナリスト(シニアアソシエイト/マネージャー)/経営/ビジネスコンサルティング・シンクタンク,デロイト トーマツ税理士法人,東京都,年収 668万円
国内資産運用会社の債券運用部(金利戦略)国内債券ポートフォリオ・マネジャー,タイグロンパートナーズ株式会社,東京都 港区 虎ノ門,"年収 1,000万円 ~ 1,400万円"
リサーチ・市場調査,ディー・フォー・ディー・アール株式会社,一部在宅 in 東京都 港区,月給 25.0万円 ~ 41.6万円
信用格付モデル開発担当者,野村證券株式会社,東京都 千代田区 大手町,正社員
データサイエンティスト・アナリスト,株式会社DearOne,東京都 港区,月給 26.5万円 ~ 40.0万円
プライシング・アクチュアリー,SOMPOリスクマネジメント株式会社,東京都 新宿区 西新宿,"年収 600万円 ~ 1,000万円"
セキュリティエンジニア/高給与/東京,株式会社インフェス,東京都 新宿区 西新宿,月給 50.0万円 ~ 86.5万円
マーケティング専門スタッフ グロース事業を成長させる,株式会社ー心堂[1500044],東京都 渋谷区 円山町,年俸 450万円 ~ 700万円
FOD_データアナリスト,株式会社Fuji Culture X,東京都 江東区,年収 600万円 ~ 800万円
インターネット関連業界のITアーキテクト,GO株式会社,東京都 港区 麻布台,"年収 900万円 ~ 1,200万円"
ビジネスアナリスト・データサイエンティスト,株式会社アイ・ブロード,東京都 品川区,年収 400万円 ~ 900万円
SXビジネスコンサルタント 〜企業のサステナビリティ・トランスフォーメーションを支援〜,株式会社日立コンサルティング,東京都 千代田区 麹町,マネージャー採用+1
"IT/分析エンジニア/Python,PowerBI/データ分析可視化PJ支援",株式会社Arkanoids,東京都 千代田区 神田神保町,月給 60万円 ~ 80万円
大手クライアントの広告・Webサイト/データコンサルタント(超大手・駅近),トランスコスモス株式会社,東京都 渋谷区 渋谷,年収 450万円 ~ 800万円
シニアデータアナリスト　/　マッチングアプリを運営するスタートアップ,クライス&カンパニー,東京都 渋谷区,"年収 800万円 ~ 1,300万円"
データサイエンティスト・シニア【福岡銀行】※経験者のみ,ふくおかフィナンシャルグループ,東京都 中央区,"年収 600万円 ~ 1,000万円"
データアナリスト(リーダー候補/ゲーム業界未経験可),株式会社バンダイナムコネクサス,東京都 港区,年収 500万円 ~ 800万円
新卒採用 総合職(システムエンジニア),株式会社アルゴグラフィックス【東証プライム市場上場】,東京都,"月給 264,600円 ~ 296,700円"
データアナリスト・データサイエンティスト,みずほ第一フィナンシャルテクノロジー株式会社,東京都 千代田区,月給 35万円 ~ 60万円
【プランナー】スマホ向けゲーム新規開発/バランス設計業務,株式会社エクストリーム,東京都 渋谷区,月給 52万円
【Engineer-】データエンジニア / データアナリスト,株式会社ミツモア,東京都 中央区,"月給 200,000円 ~ 416,666円"
マーケティング/アナリティクスエンジニア/データアナリスト,株式会社LANY,東京都 渋谷区,年収 400万円 ~ 800万円
新卒採用 【プロフェッショナルエンジニアコース:AIエンジニア】,SBテクノロジー株式会社,東京都,月給 25万円 ~ 32万円
メディアアナリスト　/　インターネット広告会社,クライス&カンパニー,東京都 新宿区,年収 400万円 ~ 800万円
株式会社サザビーリーグ　DX推進室 管理職ポジション(部長クラス),株式会社サザビーリーグ,東京都 渋谷区,正社員+1
データガバナンス(戦略・企画立案/リモート可/フレックス制),パーソルキャリア株式会社,東京都 千代田区,年収 600万円 ~ 860万円
メディアアナリスト　/　インターネット広告会社,クライス&カンパニー,東京都 新宿区,年収 400万円 ~ 800万円
株式会社サザビーリーグ　DX推進室 管理職ポジション(部長クラス),株式会社サザビーリーグ,東京都 渋谷区,正社員+1
一般事務(電話対応あり),RIZAPグループ株式会社,東京都 多摩市 多摩センター駅,"時給 1,600円 ~ 2,000円"
事業戦略コンサルタント,株式会社日立コンサルティング,東京都 千代田区 麹町, 
WEBシステム開発/高給与/東京,株式会社インフェス,東京都 新宿区 西新宿,月給 45万円 ~ 55万円
ほぼ完全在宅　データ集計　データ抽出　SQL使用,アスコープ株式会社,フルリモート in 東京都 渋谷区,"時給 2,500円 以上"
【リモート可】データアナリスト(野村不動産グループ/ホワイト500認定企業/フレックス制),野村不動産ソリューションズ株式会社,東京都 新宿区 西新宿,年収 550万円 ~ 800万円
新卒採用 データアナリスト / データサイエンティスト / アナリティクスコンサルタント / ストラテジックプランナー / マーケティングディレクター / マーケティングエンジニア / マーケティングトレーダー,株式会社オロ,東京都,"月給 333,400円"
アナリティクスエンジニア - CRE,株式会社ビットキー,一部在宅 in 東京都 中央区,"月給 583,333円 ~ 1,000,000円"
データサイエンティスト・アナリスト,三菱UFJインフォメーションテクノロジー株式会社,一部在宅 in 東京都 中野区,月給 29.0万円 ~ 39.1万円
コンサルティングスタッフ　経営課題解決,株式会社ー心堂[1080073],東京都 港区 三田,"年俸 784万円 ~ 1,024万円"
【ビジネスアナリスト】CTO室(AI推進部)_東京,株式会社マネーフォワード,一部在宅 in 東京都 港区 芝浦,"月給 154,360円 ~ 534,000円"
データアナリスト　/　大手小売企業,クライス&カンパニー,東京都 文京区,"年収 600万円 ~ 1,500万円"
アナリティクスエンジニア/BIエンジニア,la belle vie 株式会社,東京都 港区 赤坂,正社員
セキュリティエンジニア(SOC),株式会社IIJエンジニアリング,東京都 千代田区 富士見,年収 350万円 ~ 500万円
データアナリスト(事業開発)growth,カンム,東京都 渋谷区,"年収 800万円 ~ 1,200万円"
医療経営データ分析スタッフ 法人経営に役立てる,株式会社ー心堂[1330061],東京都 江戸川区 篠崎町,年俸 380万円 ~ 450万円
Python/大手学習塾のデータアナリスト,ギークス株式会社,東京都 新宿区 新宿駅,月給 70万円 ~ 90万円
データサイエンティスト,Supership株式会社,東京都 港区 虎ノ門,正社員
セキュリティエンジニア,株式会社ソフトクリエイト,東京都 渋谷区 渋谷駅,年収 400万円 ~ 800万円
データサイエンティスト,株式会社タイミー,東京都 港区 東新橋,"年俸 700万円 ~ 1,000万円"
データアナリスト・データサイエンティスト,SepteniJapan株式会社,東京都 新宿区,"月給 415,000円 ~ 750,030円"
営業スタッフ B2B製品を販売,株式会社ー心堂[1030027],東京都 中央区 日本橋,年俸 450万円 ~ 700万円
データアナリスト・データサイエンティスト,アニコム損害保険株式会社,東京都 新宿区,月給 27.5万円 ~ 70.0万円
【リモート可】データアナリスト【世界最先端マーケ事業】,株式会社DearOne,東京都 港区,"年収 800万円 ~ 1,087万円"
CRMマーケター/エンジニア,ネットイヤーグループ株式会社,東京都 中央区 銀座駅,"月給 278,200円 ~ 522,395円"
データアナリスト・データサイエンティスト,株式会社インフキュリオン,フルリモート in 東京都 千代田区,月給 83.4万円 ~ 136.5万円
新卒採用 <インフォコムコース(ITサービス)>,インフォコム株式会社,東京都,月給 23.5万円
顧客分析データアナリスト　/　大手流通小売企業,クライス&カンパニー,東京都 文京区,年収 500万円 ~ 900万円
データエンジニア,Supership株式会社,東京都 港区 虎ノ門,正社員
マーケティング/データアナリスト,LINEヤフー株式会社,東京都 千代田区,年収 550万円 ~ 800万円
Data/ML,クラウドエース/吉積ホールディングス/吉積情報,フルリモート in 東京都 千代田区 大手町,"月給 458,333円 ~ 833,333円"
(SID)社会イノベーションコンサルタント(コンサルタント/シニアコンサルタント),株式会社日立コンサルティング,東京都 千代田区 麹町,年収 500万円 ~ 900万円
データエンジニア/アナリスト(シニアアソシエイト/マネージャー)/経営/ビジネスコンサルティング・シンクタンク,デロイト トーマツ税理士法人,東京都,年収 668万円
リサーチ・市場調査,ディー・フォー・ディー・アール株式会社,一部在宅 in 東京都 港区,月給 25.0万円 ~ 41.6万円
データサイエンティスト・アナリスト,株式会社DearOne,東京都 港区,月給 26.5万円 ~ 40.0万円
インターネット関連業界のITアーキテクト,GO株式会社,東京都 港区 麻布台,"年収 900万円 ~ 1,200万円"
大手クライアントの広告・Webサイト/データコンサルタント(超大手・駅近),トランスコスモス株式会社,東京都 渋谷区 渋谷,年収 450万円 ~ 800万円
データサイエンティスト・シニア【福岡銀行】※経験者のみ,ふくおかフィナンシャルグループ,東京都 中央区,"年収 600万円 ~ 1,000万円"
データアナリスト・データサイエンティスト,みずほ第一フィナンシャルテクノロジー株式会社,東京都 千代田区,月給 35万円 ~ 60万円
【プランナー】スマホ向けゲーム新規開発/バランス設計業務,株式会社エクストリーム,東京都 渋谷区,月給 52万円
【Engineer-】データエンジニア / データアナリスト,株式会社ミツモア,東京都 中央区,"月給 200,000円 ~ 416,666円"
一般事務(電話対応あり),RIZAPグループ株式会社,東京都 多摩市 多摩センター駅,"時給 1,600円 ~ 2,000円"
アナリティクスエンジニア - CRE,株式会社ビットキー,一部在宅 in 東京都 中央区,"月給 583,333円 ~ 1,000,000円"
マーケティング/アナリティクスエンジニア/データアナリスト,株式会社LANY,東京都 渋谷区,年収 400万円 ~ 800万円
【プランナー】スマホ向けゲーム新規開発/バランス設計業務,株式会社エクストリーム,東京都 渋谷区,月給 52万円
【Engineer-】データエンジニア / データアナリスト,株式会社ミツモア,東京都 中央区,"月給 200,000円 ~ 416,666円"
マーケティング/アナリティクスエンジニア/データアナリスト,株式会社LANY,東京都 渋谷区,年収 400万円 ~ 800万円
一般事務(電話対応あり),RIZAPグループ株式会社,東京都 多摩市 多摩センター駅,"時給 1,600円 ~ 2,000円"
アナリティクスエンジニア - CRE,株式会社ビットキー,一部在宅 in 東京都 中央区,"月給 583,333円 ~ 1,000,000円"
基本リモート/データ基盤SE/フレックス/ビッグデータ/上流工程,株式会社AMBL,東京都 品川区 大崎駅,年収 500万円 ~ 800万円
Territory Data Officer(CDO最高データ責任・運営メンバー募集) 【Chief Data Office】※経験者のみ,PwC Japan合同会社,東京都,"年収 500万円 ~ 1,300万円"
【CTSG】データ集計・分析担当 ※経験者のみ,PwC Japan有限責任監査法人,東京都,年収 500万円 ~ 650万円
【データサイエンスチーム/データサイエンティスト】最先端技術で高難度PJのデリバリー推進ポジション/ITコンサルティング,澪標アナリティクス株式会社,東京都 江東区 豊洲,"年収 660万円 ~ 1,300万円"
リスクアナリスト【データ分析×コンサル】,株式会社エルテス,東京都,年収 600万円 ~ 850万円
スタートアップアナリスト,株式会社コトラ,東京都,"年収 700万円 ~ 1,000万円"
[派]データ分析,アデコ株式会社,東京都 江東区,"時給 2,000円"
データサイエンティスト・アナリスト,株式会社じげん,一部在宅 in 東京都 港区,"月給 308,285円 ~ 431,599円"
SREエンジニア/その他コンサルティング系,フォースタートアップス株式会社,東京都 港区 六本木,年収 500万円 ~ 800万円
シニアリサーチャー※経験者のみ,Sansan株式会社,東京都 港区,"年収 1,000万円 ~ 1,505万円"
セキュリティコンサルタント・アナリスト,株式会社日立製作所,一部在宅 in 東京都 品川区,月給 36.9万円 ~ 52.6万円
デジタルマーケティングコンサルタント(ポテンシャル採用)/ITコンサルティング,株式会社ファーストデジタル,東京都,正社員
データサイエンティスト・アナリスト,全保連株式会社,一部在宅 in 東京都 新宿区,"月給 296,667円 ~ 600,000円"
法人・アライアンス営業【価格.com 通信カテゴリー担当】※経験者のみ,株式会社カカクコム,東京都 渋谷区,年収 499万円 ~ 600万円
営業事務・アシスタント,カエル・デザイン・プロジェクト株式会社,東京都 港区,月給 22.8万円 ~ 40.0万円
プリセールス・セールスエンジニア/ソフトウェア・情報処理業界のコンサルタント・アナリスト・プリセールス,エス・アンド・アイ株式会社,東京都,"年収 700万円 ~ 1,000万円"
金融専門職,アフラック生命保険株式会社,東京都 新宿区 新宿駅,年収 620万円 ~ 920万円
データサイエンティスト(研究開発職)※経験者のみ,有限責任監査法人トーマツ,東京都,"年収 500万円 ~ 1,500万円"
セキュリティアナリスト,SBテクノロジー株式会社,東京都,年収 454万円 ~ 650万円
パッケージ導入コンサルタント(ERP・SCM・CRM等)/ソフトウェア・情報処理業界のコンサルタント・アナリスト・プリセールス,株式会NTTデータ・グローバルソリューションズ,東京都,年収 650万円 ~ 800万円
商品企画・サービス企画,株式会社SBI証券,東京都 港区,"月給 333,333円 ~ 666,666円"
【ポテンシャル枠(社会人歴3年以上)】SPEEDA Customer Success Team,株式会社ユーザベース,東京都 千代田区,年収 450万円 ~ 600万円
システムエンジニア(アプリ設計/WEB・オープン・モバイル系)/シンクタンク・マーケティング・調査業界のシステム開発(WEB・オープン・モバイル系),EY新日本有限責任監査法人,東京都 千代田区,"年収 600万円 ~ 1,300万円"
リサーチ・市場調査,PwCコンサルティング合同会社,東京都 千代田区,正社員
リードエンジニア/アプリケーション(Web・モバイル),株式会社キャンサースキャン,東京都 品川区 西五反田,"年収 700万円 ~ 1,300万円"
アナリティクスコンサルティング分野※経験者のみ,株式会社野村総合研究所,東京都,"年収 600万円 ~ 1,500万円"
データサイエンティスト・アナリスト,株式会社フィックスターズ,東京都 港区,正社員
【Intelligence Unit】Japan Outbound Business(JOB)担当※経験者のみ,EYストラテジー・アンド・コンサルティング株式会社,東京都,"年収 600万円 ~ 2,000万円"
【産業調査アナリスト】,株式会社Apex,東京都,"年収 800万円 ~ 1,300万円"
データサイエンティスト・エンジニアリング,la　belle　vie株式会社,一部在宅 in 東京都 港区,"月給 416,666円 ~ 583,000円"
システムコンサルタント(業務系)/ソフトウェア・情報処理業界のコンサルタント・アナリスト・プリセールス,ウルシステムズ株式会社,東京都 中央区,"年収 1,000万円 ~ 1,400万円"
データサイエンティスト(産業IT)※経験者のみ,株式会社野村総合研究所,東京都,"年収 600万円 ~ 1,500万円"
資材購買･物流･貿易/コンサルタント/データ分析,MFロジソリューションズ株式会社,東京都 港区 神谷町駅,"年収 800万円 ~ 1,500万円"
ITアーキテクト/ソフトウェア・情報処理業界のコンサルタント・アナリスト・プリセールス,ウルシステムズ株式会社,東京都 中央区,"年収 700万円 ~ 1,200万円"
AI エンジニア　アナリスト,株式会社D4cプレミアム,東京都 港区,"年俸 540万円 ~ 1,195万円"
技術サポート(Oracle DB担当)/ソフトウェア/パッケージベンダ,株式会社コーソル,東京都,年収 400万円 ~ 700万円
データエンジニア【フルリモート・副業OK】/インターネット/Webサービス・ASP,株式会社PREVENT,東京都,年収 400万円 ~ 550万円
オープンポジション(データマーケティングBU),株式会社コトラ,東京都,"年収 500万円 ~ 1,000万円"
システムコンサルタント(業務系)/専門コンサルタント業界のコンサルタント・アナリスト・プリセールス,株式会社JDSC,東京都,"年収 600万円 ~ 1,100万円"
[派]≪完全在宅≫SNSマーケティング企業残業なし*/データ集計,株式会社キャリアデザインセンター,フルリモート in 東京都 港区,"時給 1,750円 ~ 1,790円"
RPAコンサルタント【外資系ITコンサル大手】,Morgan McKinley,東京都 23区,正社員
デリバリー ディール バリュー【ROI/DDV】※経験者のみ,PwCアドバイザリー合同会社,東京都,"年収 500万円 ~ 1,500万円"
データマネジメントエンジニア/インターネット/Webサービス・ASP,DATUM STUDIO株式会社,東京都 港区 虎ノ門,年収 540万円 ~ 840万円
プリセールス・セールスエンジニア/ソフトウェア・情報処理業界のコンサルタント・アナリスト・プリセールス,エス・アンド・アイ株式会社,東京都,"年収 700万円 ~ 1,000万円"
ソフトウェアエンジニア / DBaaS用データベースクライアント,LINEヤフー株式会社,フルリモート in 東京都 千代田区,"月給 583,333円 ~ 1,000,000円"
データサイエンティスト(研究開発職)※経験者のみ,有限責任監査法人トーマツ,東京都,"年収 500万円 ~ 1,500万円"
【ポテンシャル枠(社会人歴3年以上)】SPEEDA Customer Success Team,株式会社ユーザベース,東京都 千代田区,年収 450万円 ~ 600万円
金融専門職,アフラック生命保険株式会社,東京都 新宿区 新宿駅,年収 620万円 ~ 920万円
リサーチ・市場調査,PwCコンサルティング合同会社,東京都 千代田区,正社員
営業事務・アシスタント,カエル・デザイン・プロジェクト株式会社,東京都 港区,月給 22.8万円 ~ 40.0万円
データサイエンティスト・エンジニアリング,la　belle　vie株式会社,一部在宅 in 東京都 港区,"月給 416,666円 ~ 583,000円"
商品企画・サービス企画,株式会社SBI証券,東京都 港区,"月給 333,333円 ~ 666,666円"
【産業調査アナリスト】,株式会社Apex,東京都,"年収 800万円 ~ 1,300万円"
データサイエンティスト・アナリスト,株式会社フィックスターズ,東京都 港区,正社員
セキュリティアナリスト,SBテクノロジー株式会社,東京都,年収 454万円 ~ 650万円
ITアーキテクト/ソフトウェア・情報処理業界のコンサルタント・アナリスト・プリセールス,ウルシステムズ株式会社,東京都 中央区,"年収 700万円 ~ 1,200万円"
資材購買･物流･貿易/コンサルタント/データ分析,MFロジソリューションズ株式会社,東京都 港区 神谷町駅,"年収 800万円 ~ 1,500万円"
AI エンジニア　アナリスト,株式会社D4cプレミアム,東京都 港区,"年俸 540万円 ~ 1,195万円"
【Intelligence Unit】Japan Outbound Business(JOB)担当※経験者のみ,EYストラテジー・アンド・コンサルティング株式会社,東京都,"年収 600万円 ~ 2,000万円"
リース・レンタル業界のマーケティング分析,三井住友ファイナンス&リース株式会社,東京都 千代田区 丸の内,"年収 700万円 ~ 1,500万円"
オープンポジション(データマーケティングBU),株式会社コトラ,東京都,"年収 500万円 ~ 1,000万円"
データサイエンティスト・エンジニアリング,株式会社アムタス,一部在宅 in 東京都 港区,月給 21万円 ~ 25万円
データエンジニア【フルリモート・副業OK】/インターネット/Webサービス・ASP,株式会社PREVENT,東京都,年収 400万円 ~ 550万円
マーケティング/リサーチャー,カルチュア・コンビニエンス・クラブ株式会社,東京都 渋谷区 神泉駅,年収 500万円 ~ 600万円
データエンジニア(キャリア事業)※経験者のみ,株式会社エス・エム・エス,東京都 港区,年収 500万円 ~ 810万円
技術サポート(Oracle DB担当)/ソフトウェア/パッケージベンダ,株式会社コーソル,東京都,年収 400万円 ~ 700万円
データサイエンティスト・アナリスト,株式会社タクミインフォメーションテクノロジー,東京都 豊島区,月給 35.0万円 ~ 57.1万円
Webサービス・プロジェクトマネジャー,株式会社Antway,東京都 千代田区,"月給 479,733円 ~ 916,666円"
Webマーケター/大手証券会社,大手ネット証券会社,東京都 港区 六本木,月給 40万円 ~ 60万円
VBAエンジニア システム運用保守/リモート/フリーランスITエンジニア,株式会社ヘルスベイシス,東京都 渋谷区 広尾,月給 50万円 ~ 60万円
Webマーケター/大手証券会社,大手ネット証券会社,東京都 港区 六本木,月給 40万円 ~ 60万円
[派]≪完全在宅≫SNSマーケティング企業残業なし*/データ集計,株式会社キャリアデザインセンター,フルリモート in 東京都 港区,"時給 1,750円 ~ 1,790円"
その他運用,株式会社りそな銀行,一部在宅 in 東京都 江東区,"月給 272,300円 ~ 735,600円"
DX推進/企画リード※経験者のみ,株式会社パン・パシフィック・インターナショナルホールディングス,東京都 目黒区,"年収 1,000万円 ~ 2,000万円"
【池袋】マーケティングリサーチマネジャー(東),トランス・コスモス株式会社,東京都 豊島区,年俸 700万円 ~ 900万円
財務,株式会社電通グループ,一部在宅 in 東京都 港区,"年収 760万円 ~ 1,200万円"
リサーチエンジニア※経験者のみ,株式会社RevComm,東京都 渋谷区,"年収 600万円 ~ 1,500万円"
【金融行政調査・提言/政策調査室】在宅・リモートワークあり,岡三証券株式会社,東京都 中央区,"年収 750万円 ~ 1,000万円"
年金運用コンサルティング,株式会社パソナ,東京都,"年収 500万円 ~ 1,300万円"
データアナリスト・データサイエンティスト,トランス・コスモス株式会社~プライム市場上場企業~,一部在宅 in 東京都 豊島区,月給 26万円 ~ 32万円
解析&企画 テクノロジー モバイル アプリケーション開発アナリスト 東京求人,フィデル・コンサルティング株式会社,東京都,"年収 600万円 ~ 1,000万円"
データサイエンティスト・エンジニアリング,ケースワイズコンサルティング株式会社,一部在宅 in 東京都 港区,"月給 249,750円 ~ 666,000円"
オープンポジション【博士課程者】,株式会社コトラ,東京都,年収 500万円 ~ 900万円
経理･財務,株式会社ラクス,東京都 渋谷区,年収 549万円 ~ 768万円
セキュリティコンサルタント・アナリスト,株式会社BeeX,東京都 中央区,"月給 666,666円 ~ 916,666円"
【りそな銀行】データサイエンティスト・クオンツ,株式会社りそな銀行,東京都,"年収 500万円 ~ 1,200万円"
プロダクトプロモーション,株式会社ウエストンキャリア,東京都,"年収 500万円 ~ 1,200万円"
システムコンサルタント(業務系)/専門コンサルタント業界のコンサルタント・アナリスト・プリセールス,株式会社エヌティ・ソリューションズ,東京都 新宿区,"年収 600万円 ~ 1,100万円"
ITアーキテクト/専門コンサルタント業界のコンサルタント・アナリスト・プリセールス,株式会社パソナ　キャリアアドバンテージ事業本部,東京都,年収 600万円 ~ 900万円
データマネジメント・生物統計/広告業界の医薬品・医療機器,株式会社Symphoneed(旧:株式会社TYMコーポレーション),東京都,年収 600万円
【東京:リモート】セキュリティアナリスト,アルプスシステムインテグレーション株式会社,東京都 大田区,年収 450万円 ~ 650万円
マーケティングリサーチ・分析/インターネット関連業界のマーケティング・企画・宣伝,LHH転職エージェント(アデコ株式会社),東京都 渋谷区,"年収 600万円 ~ 1,000万円"
システムコンサルタント(業務系)/ソフトウェア・情報処理業界のコンサルタント・アナリスト・プリセールス,株式会社Finatextホールディングス,東京都 千代田区,年収 600万円
アカウントマネージャー・ビジネスアナリスト,JINZ.AI株式会社,東京都,年収 700万円 ~ 800万円
SAP Variant Configuration Data Specialist JP　※勤務地選択可　リモート勤務可,株式会社ジェイ エイ シー リクルートメント,東京都 23区,正社員
マーケティングリサーチ・分析/広告業界のマーケティング・企画・宣伝,株式会社ブルームテクノロジー,東京都 目黒区,"年収 600万円 ~ 1,100万円"
ESGアナリスト　外資系/SaaS/サステナビリティソリューション/製品企画/商品企画,株式会社グレイス,一部在宅 in 東京都,"年収 600万円 ~ 1,000万円"
ITアーキテクト/総合電機業界のコンサルタント・アナリスト・プリセールス,株式会社クイック,東京都,"年収 600万円 ~ 1,000万円"
ビジネスアナリスト(保険調剤薬局システム開発),FPTソフトウェアジャパン株式会社,東京都 港区,年収 500万円 ~ 750万円
ITアーキテクト/銀行業界のコンサルタント・アナリスト・プリセールス,株式会社パソナ　キャリアアドバンテージ事業本部,東京都,"年収 700万円 ~ 1,300万円"
パッケージ導入コンサルタント(ERP・SCM・CRM等)/日用品・雑貨業界のコンサルタント・アナリスト・プリセールス,LHH転職エージェント(アデコ株式会社),東京都 港区,年収 600万円 ~ 900万円
データベースエンジニア,東京エレクトロン株式会社,東京都 府中市,月給 31.0万円 ~ 61.7万円
営業/ITソリューション営業,株式会社COUNTERWORKS,一部在宅 in 東京都 港区 神谷町駅,年収 600万円 ~ 900万円
CIO・CTO/インターネット関連業界の事業企画・経営企画・エグゼクティブ,オフィスリングシステム株式会社,東京都 千代田区,"年収 800万円 ~ 1,100万円"
Project Manager(金融市場領域),株式会社コトラ,東京都,"年収 800万円 ~ 1,800万円"
セキュリティコンサルタント・アナリスト,オリックス不動産株式会社,東京都 港区,月給 50.2万円 ~ 60.0万円
システムコンサルタント(業務系)/専門コンサルタント業界のコンサルタント・アナリスト・プリセールス,株式会社ジール,東京都 品川区,年収 600万円 ~ 900万円
経営企画・事業企画・業務企画/BPRコンサルタント,株式会社リヴァンプ,東京都 港区 外苑前駅,年収 500万円 ~ 800万円
ITアーキテクト/ソフトウェア・情報処理業界のコンサルタント・アナリスト・プリセールス,株式会社クイック,東京都,"年収 600万円 ~ 1,000万円"
データマネジメント・生物統計/インターネット関連業界の医薬品・医療機器,株式会社コンフィデンス・インターワークス,東京都 渋谷区,"年収 900万円 ~ 1,200万円"
コンサルタント(経営戦略)/専門コンサルタント業界のコンサルタント,株式会社コンフィデンス・インターワークス,東京都 千代田区,"年収 600万円 ~ 1,500万円"
BIエンジニア,la belle vie 株式会社,東京都 港区,年収 500万円 ~ 750万円
システムコンサルタント(業務系)/専門コンサルタント業界のコンサルタント・アナリスト・プリセールス,株式会社エヌ・ティ・ティ・データ経営研究所,東京都,"年収 650万円 ~ 1,200万円"
システムコンサルタント(業務系)/ソフトウェア・情報処理業界のコンサルタント・アナリスト・プリセールス,日本電気株式会社,東京都,"年収 650万円 ~ 1,400万円"
ITアーキテクト/化粧品・医薬品業界のコンサルタント・アナリスト・プリセールス,株式会社パソナ　キャリアアドバンテージ事業本部,東京都,年収 600万円 ~ 900万円
システムエンジニア(DB・ミドルウェア設計/WEB・オープン・モバイル系)/広告業界のシステム開発(WEB・オープン・モバイル系),LHH転職エージェント(アデコ株式会社),東京都 千代田区,"年収 600万円 ~ 1,300万円"
IR:コミュニケーション能力と責任感が高く、会社の代表として振る舞える方,マシット・ジャパン合同会社,東京都,"年収 650万円 ~ 1,800万円"
ITアーキテクト/ガラス・化学・石油業界のコンサルタント・アナリスト・プリセールス,株式会社パソナ　キャリアアドバンテージ事業本部,東京都,"年収 600万円 ~ 1,200万円"
SaaS事業 - SPEEDA R&D Web/コンテンツマーケティング,株式会社ユーザベース,東京都 千代田区,年収 570万円 ~ 815万円
マーケティングリサーチ・分析/インターネット関連業界のマーケティング・企画・宣伝,株式会社エニグモ,東京都 港区,"年収 600万円 ~ 1,300万円"
サステナビリティ関連業務における内部統制及び保証エキスパート,株式会社コトラ,東京都,"年収 700万円 ~ 2,000万円"
データサイエンティスト・エンジニアリング,プライマル株式会社,東京都 港区,月給 19.4万円 ~ 51.6万円
ポートフォリオ・コンサルタント(機関投資家及び事業法人や年金基金等に対するポートフォリオ分析・提言業,株式会社東京キャリア・サーチ,東京都,"年収 1,000万円 ~ 1,500万円"
Project Manager,DXCテクノロジー・ジャパン株式会社,東京都,"年収 700万円 ~ 1,200万円"
セキュリティコンサルタント・アナリスト,コンピューターサイエンス 株式会社,東京都 品川区,"月給 204,000円 ~ 404,700円"
基礎研究(電気・電子・機械・半導体・材料系)/半導体・電子・電気機器業界の研究・開発・特許,NEC(日本電気株式会社),東京都,"年収 900万円 ~ 1,100万円"
WEBマーケター/グロースハッカー(正社員),アソビモ株式会社,東京都 豊島区 東池袋駅,"年収 400万円 ~ 1,000万円"
セキュリティコンサルタント/その他金融業界のコンサルタント・アナリスト・プリセールス,株式会社クイック,東京都,"年収 800万円 ~ 1,100万円"
ITアーキテクト/インターネット関連業界のコンサルタント・アナリスト・プリセールス,株式会社タイミー,東京都 港区,"年収 600万円 ~ 1,300万円"
企業・業界調査担当:審査部(東京),株式会社りそな銀行,東京都 江東区,"年収 600万円 ~ 1,000万円"
データマネジメント・生物統計/インターネット関連業界の医薬品・医療機器,株式会社コンフィデンス・インターワークス,東京都 渋谷区,"年収 900万円 ~ 1,200万円"
コンサルタント(経営戦略)/専門コンサルタント業界のコンサルタント,株式会社コンフィデンス・インターワークス,東京都 千代田区,"年収 600万円 ~ 1,500万円"
BIエンジニア,la belle vie 株式会社,東京都 港区,年収 500万円 ~ 750万円
ITアーキテクト/化粧品・医薬品業界のコンサルタント・アナリスト・プリセールス,株式会社パソナ　キャリアアドバンテージ事業本部,東京都,年収 600万円 ~ 900万円
システムコンサルタント(業務系)/専門コンサルタント業界のコンサルタント・アナリスト・プリセールス,株式会社エヌ・ティ・ティ・データ経営研究所,東京都,"年収 650万円 ~ 1,200万円"
システムコンサルタント(業務系)/ソフトウェア・情報処理業界のコンサルタント・アナリスト・プリセールス,日本電気株式会社,東京都,"年収 650万円 ~ 1,400万円"
システムエンジニア(DB・ミドルウェア設計/WEB・オープン・モバイル系)/広告業界のシステム開発(WEB・オープン・モバイル系),LHH転職エージェント(アデコ株式会社),東京都 千代田区,"年収 600万円 ~ 1,300万円"
IR:コミュニケーション能力と責任感が高く、会社の代表として振る舞える方,マシット・ジャパン合同会社,東京都,"年収 650万円 ~ 1,800万円"
ITアーキテクト/ガラス・化学・石油業界のコンサルタント・アナリスト・プリセールス,株式会社パソナ　キャリアアドバンテージ事業本部,東京都,"年収 600万円 ~ 1,200万円"
SaaS事業 - SPEEDA R&D Web/コンテンツマーケティング,株式会社ユーザベース,東京都 千代田区,年収 570万円 ~ 815万円
マーケティングリサーチ・分析/インターネット関連業界のマーケティング・企画・宣伝,株式会社エニグモ,東京都 港区,"年収 600万円 ~ 1,300万円"
サステナビリティ関連業務における内部統制及び保証エキスパート,株式会社コトラ,東京都,"年収 700万円 ~ 2,000万円"
ポートフォリオ・コンサルタント(機関投資家及び事業法人や年金基金等に対するポートフォリオ分析・提言業,株式会社東京キャリア・サーチ,東京都,"年収 1,000万円 ~ 1,500万円"
Project Manager,DXCテクノロジー・ジャパン株式会社,東京都,"年収 700万円 ~ 1,200万円"
データサイエンティスト・エンジニアリング,プライマル株式会社,東京都 港区,月給 19.4万円 ~ 51.6万円
WEBマーケター/グロースハッカー(正社員),アソビモ株式会社,東京都 豊島区 東池袋駅,"年収 400万円 ~ 1,000万円"
企業・業界調査担当:審査部(東京),株式会社りそな銀行,東京都 江東区,"年収 600万円 ~ 1,000万円"
セキュリティコンサルタント/その他金融業界のコンサルタント・アナリスト・プリセールス,株式会社クイック,東京都,"年収 800万円 ~ 1,100万円"
ITアーキテクト/インターネット関連業界のコンサルタント・アナリスト・プリセールス,株式会社タイミー,東京都 港区,"年収 600万円 ~ 1,300万円"
IT戦略・システム企画担当,株式会社りそな銀行,東京都 江東区,"月給 366,300円 ~ 735,600円"
Webマーケティング(ネット広告・販促PRなど),株式会社RED　FRASCO,東京都 目黒区,"年収 800万円 ~ 1,200万円"
調査部/計量分析ユニット(主任・担当級),株式会社パソナ,東京都,年収 400万円 ~ 800万円
システムコンサルタント(業務系)/専門コンサルタント業界のコンサルタント・アナリスト・プリセールス,株式会社ビジョン・コンサルティング,東京都,"年収 800万円 ~ 1,500万円"
システムコンサルタント(業務系)/ソフトウェア・情報処理業界のコンサルタント・アナリスト・プリセールス,富士ソフト株式会社,東京都,"年収 700万円 ~ 1,000万円"
ITアーキテクト/通信関連業界のコンサルタント・アナリスト・プリセールス,株式会社コンフィデンス・インターワークス,東京都 港区,"年収 600万円 ~ 1,000万円"
PHPエンジニア(ベテラン層),アイフル株式会社,東京都 港区,年収 550万円 ~ 750万円
IR,株式会社PKSHA　Technology,東京都 文京区,月給 47万円
映像コンテンツ等の管理保全【事業統括部/アーカイブセンター】,株式会社パソナ,東京都,"年収 700万円 ~ 1,000万円"
システムコンサルタント(業務系)/ソフトウェア・情報処理業界のコンサルタント・アナリスト・プリセールス,GROUND株式会社,東京都 江東区,年収 600万円 ~ 900万円
【リモート】Rubyエンジニア,ツクリンク株式会社,東京都 渋谷区,年収 500万円 ~ 750万円
